seed,model,family,scenario,policy,muc_auc_0_40,n_episodes,tied_pair_mass
0,lr,interpretable,uniform,score_only,0.35926676854277284,49,0.0008503401360544217
0,lr,interpretable,uniform,channel_context_reference,0.35926676854277284,49,0.0008503401360544217
0,lr,interpretable,uniform,native_explanation_context,0.35926676854277284,49,0.0008503401360544217
0,lr,interpretable,uniform,occlusion_context,0.3592667685427728,49,0.0
0,lr,interpretable,uniform,attainable_utility_upper_bound,0.39114595496225757,49,0.0
0,lr,interpretable,platform_survival,score_only,0.3171939044058162,49,0.0008503401360544217
0,lr,interpretable,platform_survival,channel_context_reference,0.3346557205044946,49,0.0
0,lr,interpretable,platform_survival,native_explanation_context,0.3433892536781448,49,0.0
0,lr,interpretable,platform_survival,occlusion_context,0.32070885472663135,49,0.0
0,lr,interpretable,platform_survival,attainable_utility_upper_bound,0.40608848607441284,49,0.0
0,lr,interpretable,payload_first,score_only,0.418937037165934,49,0.0008503401360544217
0,lr,interpretable,payload_first,channel_context_reference,0.3986440808364931,49,0.0
0,lr,interpretable,payload_first,native_explanation_context,0.3744985424936756,49,0.0
0,lr,interpretable,payload_first,occlusion_context,0.33772890393231975,49,0.0
0,lr,interpretable,payload_first,attainable_utility_upper_bound,0.46985972883293997,49,0.0
0,dtree,interpretable,uniform,score_only,0.15526068204899132,33,0.22537878787878787
0,dtree,interpretable,uniform,channel_context_reference,0.15526068204899132,33,0.22537878787878787
0,dtree,interpretable,uniform,native_explanation_context,0.15827513927047293,33,0.1534090909090909
0,dtree,interpretable,uniform,occlusion_context,0.15981065209140916,33,0.20643939393939395
0,dtree,interpretable,uniform,attainable_utility_upper_bound,0.24179852443287234,33,0.0
0,dtree,interpretable,platform_survival,score_only,0.08271754541034337,33,0.22537878787878787
0,dtree,interpretable,platform_survival,channel_context_reference,0.1394230126335499,33,0.0946969696969697
0,dtree,interpretable,platform_survival,native_explanation_context,0.1000810850951866,33,0.08143939393939394
0,dtree,interpretable,platform_survival,occlusion_context,0.09894433940391378,33,0.16856060606060605
0,dtree,interpretable,platform_survival,attainable_utility_upper_bound,0.20139047667026333,33,0.0
0,dtree,interpretable,payload_first,score_only,0.22561470548879714,33,0.22537878787878787
0,dtree,interpretable,payload_first,channel_context_reference,0.25248334564562475,33,0.08901515151515152
0,dtree,interpretable,payload_first,native_explanation_context,0.26318452332351594,33,0.08143939393939394
0,dtree,interpretable,payload_first,occlusion_context,0.26071488004270027,33,0.16856060606060605
0,dtree,interpretable,payload_first,attainable_utility_upper_bound,0.322565381943635,33,0.0
0,iforest,tree-ensemble,uniform,score_only,0.07417255124477755,34,0.0
0,iforest,tree-ensemble,uniform,channel_context_reference,0.07417255124477755,34,0.0
0,iforest,tree-ensemble,uniform,native_explanation_context,0.07417255124477755,34,0.0
0,iforest,tree-ensemble,uniform,occlusion_context,0.07417255124477755,34,0.0
0,iforest,tree-ensemble,uniform,attainable_utility_upper_bound,0.2052922906250857,34,0.0
0,iforest,tree-ensemble,platform_survival,score_only,0.0933618528430491,34,0.0
0,iforest,tree-ensemble,platform_survival,channel_context_reference,0.1710369768157883,34,0.0
0,iforest,tree-ensemble,platform_survival,native_explanation_context,0.11807928643962082,34,0.0
0,iforest,tree-ensemble,platform_survival,occlusion_context,0.10203296758200624,34,0.0
0,iforest,tree-ensemble,platform_survival,attainable_utility_upper_bound,0.19925727147819405,34,0.0
0,iforest,tree-ensemble,payload_first,score_only,0.05466840686753799,34,0.0
0,iforest,tree-ensemble,payload_first,channel_context_reference,0.18969147275127518,34,0.0
0,iforest,tree-ensemble,payload_first,native_explanation_context,0.052449524481720626,34,0.0
0,iforest,tree-ensemble,payload_first,occlusion_context,0.052449524481720626,34,0.0
0,iforest,tree-ensemble,payload_first,attainable_utility_upper_bound,0.26139506003367885,34,0.0
0,hgb,tree-ensemble,uniform,score_only,0.4262691807817146,88,0.0
0,hgb,tree-ensemble,uniform,channel_context_reference,0.4262691807817146,88,0.0
0,hgb,tree-ensemble,uniform,native_explanation_context,0.4262691807817146,88,0.0
0,hgb,tree-ensemble,uniform,occlusion_context,0.4262691807817146,88,0.0
0,hgb,tree-ensemble,uniform,attainable_utility_upper_bound,0.5745361453282505,88,0.0
0,hgb,tree-ensemble,platform_survival,score_only,0.3531349509353135,88,0.0
0,hgb,tree-ensemble,platform_survival,channel_context_reference,0.45264201027132644,88,0.0
0,hgb,tree-ensemble,platform_survival,native_explanation_context,0.4004664045981714,88,0.0
0,hgb,tree-ensemble,platform_survival,occlusion_context,0.42224447429936923,88,0.0
0,hgb,tree-ensemble,platform_survival,attainable_utility_upper_bound,0.5766745115536086,88,0.0
0,hgb,tree-ensemble,payload_first,score_only,0.4635546662367355,88,0.0
0,hgb,tree-ensemble,payload_first,channel_context_reference,0.4698726629328222,88,0.0
0,hgb,tree-ensemble,payload_first,native_explanation_context,0.4181560803284205,88,0.0
0,hgb,tree-ensemble,payload_first,occlusion_context,0.44022510760779426,88,0.0
0,hgb,tree-ensemble,payload_first,attainable_utility_upper_bound,0.6230864993892059,88,0.0
0,pca,reconstruction,uniform,score_only,0.48032041642834394,75,0.0
0,pca,reconstruction,uniform,channel_context_reference,0.48032041642834394,75,0.0
0,pca,reconstruction,uniform,native_explanation_context,0.48032041642834394,75,0.0
0,pca,reconstruction,uniform,occlusion_context,0.48032041642834394,75,0.0
0,pca,reconstruction,uniform,attainable_utility_upper_bound,0.5495766190745112,75,0.0
0,pca,reconstruction,platform_survival,score_only,0.4580711264096303,75,0.0
0,pca,reconstruction,platform_survival,channel_context_reference,0.49360158723897263,75,0.0
0,pca,reconstruction,platform_survival,native_explanation_context,0.45726011278183587,75,0.0
0,pca,reconstruction,platform_survival,occlusion_context,0.48139236554068743,75,0.0
0,pca,reconstruction,platform_survival,attainable_utility_upper_bound,0.5718300819713694,75,0.0
0,pca,reconstruction,payload_first,score_only,0.5614143108162684,75,0.0
0,pca,reconstruction,payload_first,channel_context_reference,0.5328435051850061,75,0.0
0,pca,reconstruction,payload_first,native_explanation_context,0.3579556278454844,75,0.0
0,pca,reconstruction,payload_first,occlusion_context,0.36983753109852896,75,0.0
0,pca,reconstruction,payload_first,attainable_utility_upper_bound,0.6142824967254954,75,0.0
0,ae,reconstruction,uniform,score_only,0.399413487835271,56,0.0
0,ae,reconstruction,uniform,channel_context_reference,0.399413487835271,56,0.0
0,ae,reconstruction,uniform,native_explanation_context,0.399413487835271,56,0.0
0,ae,reconstruction,uniform,occlusion_context,0.399413487835271,56,0.0
0,ae,reconstruction,uniform,attainable_utility_upper_bound,0.450525876441094,56,0.0
0,ae,reconstruction,platform_survival,score_only,0.36551778843785837,56,0.0
0,ae,reconstruction,platform_survival,channel_context_reference,0.426942261846946,56,0.0
0,ae,reconstruction,platform_survival,native_explanation_context,0.40885385162044513,56,0.0
0,ae,reconstruction,platform_survival,occlusion_context,0.4143542075963673,56,0.0
0,ae,reconstruction,platform_survival,attainable_utility_upper_bound,0.4755278210244231,56,0.0
0,ae,reconstruction,payload_first,score_only,0.4882232725755138,56,0.0
0,ae,reconstruction,payload_first,channel_context_reference,0.47096744716494293,56,0.0
0,ae,reconstruction,payload_first,native_explanation_context,0.3528098914027612,56,0.0
0,ae,reconstruction,payload_first,occlusion_context,0.3467648825161488,56,0.0
0,ae,reconstruction,payload_first,attainable_utility_upper_bound,0.5278214562747426,56,0.0
1,lr,interpretable,uniform,score_only,0.4486068898235414,68,0.0
1,lr,interpretable,uniform,channel_context_reference,0.4486068898235414,68,0.0
1,lr,interpretable,uniform,native_explanation_context,0.4486068898235414,68,0.0
1,lr,interpretable,uniform,occlusion_context,0.4486068898235414,68,0.0
1,lr,interpretable,uniform,attainable_utility_upper_bound,0.4869684711963193,68,0.0
1,lr,interpretable,platform_survival,score_only,0.49749793183092894,68,0.0
1,lr,interpretable,platform_survival,channel_context_reference,0.4886017718597669,68,0.0
1,lr,interpretable,platform_survival,native_explanation_context,0.4779065145446027,68,0.0
1,lr,interpretable,platform_survival,occlusion_context,0.4722492394193383,68,0.0
1,lr,interpretable,platform_survival,attainable_utility_upper_bound,0.534102672023833,68,0.0
1,lr,interpretable,payload_first,score_only,0.4365488720942175,68,0.0
1,lr,interpretable,payload_first,channel_context_reference,0.5361911141123812,68,0.0
1,lr,interpretable,payload_first,native_explanation_context,0.5300193880464656,68,0.0
1,lr,interpretable,payload_first,occlusion_context,0.487726915430072,68,0.0
1,lr,interpretable,payload_first,attainable_utility_upper_bound,0.6107319662591746,68,0.0
1,dtree,interpretable,uniform,score_only,0.1113914066512469,27,0.5156695156695157
1,dtree,interpretable,uniform,channel_context_reference,0.1113914066512469,27,0.5156695156695157
1,dtree,interpretable,uniform,native_explanation_context,0.10807237995189194,27,0.4700854700854701
1,dtree,interpretable,uniform,occlusion_context,0.10203676055054867,27,0.36182336182336183
1,dtree,interpretable,uniform,attainable_utility_upper_bound,0.2041720452964215,27,0.0
1,dtree,interpretable,platform_survival,score_only,0.0676184392298358,27,0.5156695156695157
1,dtree,interpretable,platform_survival,channel_context_reference,0.1354093052189305,27,0.09686609686609686
1,dtree,interpretable,platform_survival,native_explanation_context,0.12710422724587264,27,0.21082621082621084
1,dtree,interpretable,platform_survival,occlusion_context,0.12710422724587264,27,0.21082621082621084
1,dtree,interpretable,platform_survival,attainable_utility_upper_bound,0.19036897800889088,27,0.0
1,dtree,interpretable,payload_first,score_only,0.18483347080485568,27,0.5156695156695157
1,dtree,interpretable,payload_first,channel_context_reference,0.2689304085550508,27,0.1339031339031339
1,dtree,interpretable,payload_first,native_explanation_context,0.25733012146036527,27,0.21082621082621084
1,dtree,interpretable,payload_first,occlusion_context,0.25733012146036527,27,0.21082621082621084
1,dtree,interpretable,payload_first,attainable_utility_upper_bound,0.3390500064245853,27,0.0
1,iforest,tree-ensemble,uniform,score_only,0.049554921429468345,41,0.0
1,iforest,tree-ensemble,uniform,channel_context_reference,0.049554921429468345,41,0.0
1,iforest,tree-ensemble,uniform,native_explanation_context,0.049554921429468345,41,0.0
1,iforest,tree-ensemble,uniform,occlusion_context,0.049554921429468345,41,0.0
1,iforest,tree-ensemble,uniform,attainable_utility_upper_bound,0.1732699883242471,41,0.0
1,iforest,tree-ensemble,platform_survival,score_only,0.045789364894811696,41,0.0
1,iforest,tree-ensemble,platform_survival,channel_context_reference,0.13582308854357336,41,0.0
1,iforest,tree-ensemble,platform_survival,native_explanation_context,0.08311584812047068,41,0.0
1,iforest,tree-ensemble,platform_survival,occlusion_context,0.07953154669202589,41,0.0
1,iforest,tree-ensemble,platform_survival,attainable_utility_upper_bound,0.16998120516072865,41,0.0
1,iforest,tree-ensemble,payload_first,score_only,0.06832887564976974,41,0.0
1,iforest,tree-ensemble,payload_first,channel_context_reference,0.1871851281537539,41,0.0
1,iforest,tree-ensemble,payload_first,native_explanation_context,0.10475834606051997,41,0.0
1,iforest,tree-ensemble,payload_first,occlusion_context,0.10796164643310052,41,0.0
1,iforest,tree-ensemble,payload_first,attainable_utility_upper_bound,0.21461935850703925,41,0.0
1,hgb,tree-ensemble,uniform,score_only,0.42313298918925035,101,0.0
1,hgb,tree-ensemble,uniform,channel_context_reference,0.42313298918925035,101,0.0
1,hgb,tree-ensemble,uniform,native_explanation_context,0.42313298918925035,101,0.0
1,hgb,tree-ensemble,uniform,occlusion_context,0.42313298918925035,101,0.0
1,hgb,tree-ensemble,uniform,attainable_utility_upper_bound,0.6008377214667591,101,0.0
1,hgb,tree-ensemble,platform_survival,score_only,0.37812995374448366,101,0.0
1,hgb,tree-ensemble,platform_survival,channel_context_reference,0.44634324596952407,101,0.0
1,hgb,tree-ensemble,platform_survival,native_explanation_context,0.3972756107556666,101,0.0
1,hgb,tree-ensemble,platform_survival,occlusion_context,0.4005948677130565,101,0.0
1,hgb,tree-ensemble,platform_survival,attainable_utility_upper_bound,0.6304379444626198,101,0.0
1,hgb,tree-ensemble,payload_first,score_only,0.5197112419662149,101,0.0
1,hgb,tree-ensemble,payload_first,channel_context_reference,0.5812259269372734,101,0.0
1,hgb,tree-ensemble,payload_first,native_explanation_context,0.5734753413984865,101,0.0
1,hgb,tree-ensemble,payload_first,occlusion_context,0.5597347765044779,101,0.0
1,hgb,tree-ensemble,payload_first,attainable_utility_upper_bound,0.7091499480934794,101,0.0
1,pca,reconstruction,uniform,score_only,0.4833898089712857,81,0.0
1,pca,reconstruction,uniform,channel_context_reference,0.4833898089712857,81,0.0
1,pca,reconstruction,uniform,native_explanation_context,0.4833898089712857,81,0.0
1,pca,reconstruction,uniform,occlusion_context,0.4833898089712857,81,0.0
1,pca,reconstruction,uniform,attainable_utility_upper_bound,0.5642222018076093,81,0.0
1,pca,reconstruction,platform_survival,score_only,0.47604015377224224,81,0.0
1,pca,reconstruction,platform_survival,channel_context_reference,0.5170622135125589,81,0.0
1,pca,reconstruction,platform_survival,native_explanation_context,0.4879874636120155,81,0.0
1,pca,reconstruction,platform_survival,occlusion_context,0.5114131127611471,81,0.0
1,pca,reconstruction,platform_survival,attainable_utility_upper_bound,0.6114958770719919,81,0.0
1,pca,reconstruction,payload_first,score_only,0.5569746539510854,81,0.0
1,pca,reconstruction,payload_first,channel_context_reference,0.5509240843018982,81,0.0
1,pca,reconstruction,payload_first,native_explanation_context,0.4682164907477147,81,0.0
1,pca,reconstruction,payload_first,occlusion_context,0.49232532997667056,81,0.0
1,pca,reconstruction,payload_first,attainable_utility_upper_bound,0.6727104253988864,81,0.0
1,ae,reconstruction,uniform,score_only,0.5449591210770677,92,0.0
1,ae,reconstruction,uniform,channel_context_reference,0.5449591210770677,92,0.0
1,ae,reconstruction,uniform,native_explanation_context,0.5449591210770677,92,0.0
1,ae,reconstruction,uniform,occlusion_context,0.5449591210770677,92,0.0
1,ae,reconstruction,uniform,attainable_utility_upper_bound,0.6100414342954772,92,0.0
1,ae,reconstruction,platform_survival,score_only,0.5203016255908268,92,0.0
1,ae,reconstruction,platform_survival,channel_context_reference,0.5425727397220939,92,0.0
1,ae,reconstruction,platform_survival,native_explanation_context,0.5409527214430322,92,0.0
1,ae,reconstruction,platform_survival,occlusion_context,0.5355340185087034,92,0.0
1,ae,reconstruction,platform_survival,attainable_utility_upper_bound,0.6515204115286786,92,0.0
1,ae,reconstruction,payload_first,score_only,0.6267853454413499,92,0.0
1,ae,reconstruction,payload_first,channel_context_reference,0.5857374484397069,92,0.0
1,ae,reconstruction,payload_first,native_explanation_context,0.4781548508208967,92,0.0
1,ae,reconstruction,payload_first,occlusion_context,0.4527321261441384,92,0.0
1,ae,reconstruction,payload_first,attainable_utility_upper_bound,0.7071456590028444,92,0.0
2,lr,interpretable,uniform,score_only,0.4373940913465947,105,0.00018315018315018315
2,lr,interpretable,uniform,channel_context_reference,0.4373940913465947,105,0.00018315018315018315
2,lr,interpretable,uniform,native_explanation_context,0.43739409134659457,105,0.0
2,lr,interpretable,uniform,occlusion_context,0.43739409134659457,105,0.0
2,lr,interpretable,uniform,attainable_utility_upper_bound,0.5718888761984842,105,0.0
2,lr,interpretable,platform_survival,score_only,0.3873810240015988,105,0.00018315018315018315
2,lr,interpretable,platform_survival,channel_context_reference,0.48234068899227106,105,0.00018315018315018315
2,lr,interpretable,platform_survival,native_explanation_context,0.4634739243800794,105,0.0
2,lr,interpretable,platform_survival,occlusion_context,0.5011526451954602,105,0.0
2,lr,interpretable,platform_survival,attainable_utility_upper_bound,0.6223413923663568,105,0.0
2,lr,interpretable,payload_first,score_only,0.5456654486707836,105,0.00018315018315018315
2,lr,interpretable,payload_first,channel_context_reference,0.5300543975573387,105,0.0
2,lr,interpretable,payload_first,native_explanation_context,0.42763203336937783,105,0.0
2,lr,interpretable,payload_first,occlusion_context,0.3818300134427613,105,0.0
2,lr,interpretable,payload_first,attainable_utility_upper_bound,0.6703229784081094,105,0.0
2,dtree,interpretable,uniform,score_only,0.09323364840753676,23,0.6205533596837944
2,dtree,interpretable,uniform,channel_context_reference,0.09323364840753676,23,0.6205533596837944
2,dtree,interpretable,uniform,native_explanation_context,0.0793774616341604,23,0.31620553359683795
2,dtree,interpretable,uniform,occlusion_context,0.09323364840753676,23,0.6205533596837944
2,dtree,interpretable,uniform,attainable_utility_upper_bound,0.15341654159053478,23,0.0
2,dtree,interpretable,platform_survival,score_only,0.05672950093642526,23,0.6205533596837944
2,dtree,interpretable,platform_survival,channel_context_reference,0.1340263175281438,23,0.12648221343873517
2,dtree,interpretable,platform_survival,native_explanation_context,0.10313368271704594,23,0.16205533596837945
2,dtree,interpretable,platform_survival,occlusion_context,0.10313368271704594,23,0.16205533596837945
2,dtree,interpretable,platform_survival,attainable_utility_upper_bound,0.15059715855699013,23,0.0
2,dtree,interpretable,payload_first,score_only,0.14668062752770641,23,0.6205533596837944
2,dtree,interpretable,payload_first,channel_context_reference,0.2064899446260438,23,0.11857707509881422
2,dtree,interpretable,payload_first,native_explanation_context,0.20248122058796067,23,0.1541501976284585
2,dtree,interpretable,payload_first,occlusion_context,0.20248122058796067,23,0.16205533596837945
2,dtree,interpretable,payload_first,attainable_utility_upper_bound,0.2699393683907047,23,0.0
2,iforest,tree-ensemble,uniform,score_only,0.029584649939434934,29,0.0
2,iforest,tree-ensemble,uniform,channel_context_reference,0.029584649939434934,29,0.0
2,iforest,tree-ensemble,uniform,native_explanation_context,0.029584649939434934,29,0.0
2,iforest,tree-ensemble,uniform,occlusion_context,0.029584649939434934,29,0.0
2,iforest,tree-ensemble,uniform,attainable_utility_upper_bound,0.0786908484124381,29,0.0
2,iforest,tree-ensemble,platform_survival,score_only,0.04080699553730978,29,0.0
2,iforest,tree-ensemble,platform_survival,channel_context_reference,0.08228556582924278,29,0.0
2,iforest,tree-ensemble,platform_survival,native_explanation_context,0.06376994529566762,29,0.0
2,iforest,tree-ensemble,platform_survival,occlusion_context,0.07397570074382666,29,0.0
2,iforest,tree-ensemble,platform_survival,attainable_utility_upper_bound,0.09052548778169275,29,0.0
2,iforest,tree-ensemble,payload_first,score_only,0.030553393081969794,29,0.0
2,iforest,tree-ensemble,payload_first,channel_context_reference,0.1003806913747884,29,0.0
2,iforest,tree-ensemble,payload_first,native_explanation_context,0.023020805941683757,29,0.0
2,iforest,tree-ensemble,payload_first,occlusion_context,0.020946859460450988,29,0.0
2,iforest,tree-ensemble,payload_first,attainable_utility_upper_bound,0.10387414651453641,29,0.0
2,hgb,tree-ensemble,uniform,score_only,0.4275270466389815,92,0.0
2,hgb,tree-ensemble,uniform,channel_context_reference,0.4275270466389815,92,0.0
2,hgb,tree-ensemble,uniform,native_explanation_context,0.4275270466389815,92,0.0
2,hgb,tree-ensemble,uniform,occlusion_context,0.4275270466389815,92,0.0
2,hgb,tree-ensemble,uniform,attainable_utility_upper_bound,0.5626551405767727,92,0.0
2,hgb,tree-ensemble,platform_survival,score_only,0.3820529777796991,92,0.0
2,hgb,tree-ensemble,platform_survival,channel_context_reference,0.4673806366862502,92,0.0
2,hgb,tree-ensemble,platform_survival,native_explanation_context,0.46568026515075944,92,0.0
2,hgb,tree-ensemble,platform_survival,occlusion_context,0.4392114839187687,92,0.0
2,hgb,tree-ensemble,platform_survival,attainable_utility_upper_bound,0.6267118049532908,92,0.0
2,hgb,tree-ensemble,payload_first,score_only,0.5339507657345233,92,0.0
2,hgb,tree-ensemble,payload_first,channel_context_reference,0.5453681359038837,92,0.0
2,hgb,tree-ensemble,payload_first,native_explanation_context,0.4922532210507939,92,0.0
2,hgb,tree-ensemble,payload_first,occlusion_context,0.4519106324644551,92,0.0
2,hgb,tree-ensemble,payload_first,attainable_utility_upper_bound,0.669803623170552,92,0.0
2,pca,reconstruction,uniform,score_only,0.4303255604945239,82,0.0
2,pca,reconstruction,uniform,channel_context_reference,0.4303255604945239,82,0.0
2,pca,reconstruction,uniform,native_explanation_context,0.4303255604945239,82,0.0
2,pca,reconstruction,uniform,occlusion_context,0.4303255604945239,82,0.0
2,pca,reconstruction,uniform,attainable_utility_upper_bound,0.5679221519613478,82,0.0
2,pca,reconstruction,platform_survival,score_only,0.3945373958307101,82,0.0
2,pca,reconstruction,platform_survival,channel_context_reference,0.5077220960621196,82,0.0
2,pca,reconstruction,platform_survival,native_explanation_context,0.4681096428627357,82,0.0
2,pca,reconstruction,platform_survival,occlusion_context,0.5057038019062672,82,0.0
2,pca,reconstruction,platform_survival,attainable_utility_upper_bound,0.639888571708811,82,0.0
2,pca,reconstruction,payload_first,score_only,0.5467004122006992,82,0.0
2,pca,reconstruction,payload_first,channel_context_reference,0.5343364977828317,82,0.0
2,pca,reconstruction,payload_first,native_explanation_context,0.3683632626761133,82,0.0
2,pca,reconstruction,payload_first,occlusion_context,0.3404829383008767,82,0.0
2,pca,reconstruction,payload_first,attainable_utility_upper_bound,0.6546708009795962,82,0.0
2,ae,reconstruction,uniform,score_only,0.3980568842953073,71,0.0
2,ae,reconstruction,uniform,channel_context_reference,0.3980568842953073,71,0.0
2,ae,reconstruction,uniform,native_explanation_context,0.3980568842953073,71,0.0
2,ae,reconstruction,uniform,occlusion_context,0.3980568842953073,71,0.0
2,ae,reconstruction,uniform,attainable_utility_upper_bound,0.5166375496942723,71,0.0
2,ae,reconstruction,platform_survival,score_only,0.37222049690566583,71,0.0
2,ae,reconstruction,platform_survival,channel_context_reference,0.4537279281259666,71,0.0
2,ae,reconstruction,platform_survival,native_explanation_context,0.47473535811382184,71,0.0
2,ae,reconstruction,platform_survival,occlusion_context,0.4512132799839143,71,0.0
2,ae,reconstruction,platform_survival,attainable_utility_upper_bound,0.5955173629379649,71,0.0
2,ae,reconstruction,payload_first,score_only,0.5234227589004087,71,0.0
2,ae,reconstruction,payload_first,channel_context_reference,0.49956016791282537,71,0.0
2,ae,reconstruction,payload_first,native_explanation_context,0.38940851835129503,71,0.0
2,ae,reconstruction,payload_first,occlusion_context,0.34614815551999223,71,0.0
2,ae,reconstruction,payload_first,attainable_utility_upper_bound,0.6092672694358128,71,0.0
3,lr,interpretable,uniform,score_only,0.4742842952899853,87,0.0002673082063619353
3,lr,interpretable,uniform,channel_context_reference,0.4742842952899853,87,0.0002673082063619353
3,lr,interpretable,uniform,native_explanation_context,0.4742842952899853,87,0.0002673082063619353
3,lr,interpretable,uniform,occlusion_context,0.4742842952899853,87,0.0002673082063619353
3,lr,interpretable,uniform,attainable_utility_upper_bound,0.5575250970101059,87,0.0
3,lr,interpretable,platform_survival,score_only,0.5205768932720855,87,0.0002673082063619353
3,lr,interpretable,platform_survival,channel_context_reference,0.5021600402446387,87,0.0002673082063619353
3,lr,interpretable,platform_survival,native_explanation_context,0.49873646862455334,87,0.0
3,lr,interpretable,platform_survival,occlusion_context,0.45269160091624977,87,0.0
3,lr,interpretable,platform_survival,attainable_utility_upper_bound,0.6219330684043556,87,0.0
3,lr,interpretable,payload_first,score_only,0.40686318066529104,87,0.0002673082063619353
3,lr,interpretable,payload_first,channel_context_reference,0.4646829928152297,87,0.0002673082063619353
3,lr,interpretable,payload_first,native_explanation_context,0.45233480255595315,87,0.0
3,lr,interpretable,payload_first,occlusion_context,0.4900028199919358,87,0.0
3,lr,interpretable,payload_first,attainable_utility_upper_bound,0.6468846080136407,87,0.0
3,dtree,interpretable,uniform,score_only,0.17179173930962563,38,0.2716927453769559
3,dtree,interpretable,uniform,channel_context_reference,0.17179173930962563,38,0.2716927453769559
3,dtree,interpretable,uniform,native_explanation_context,0.17360546672357777,38,0.1906116642958748
3,dtree,interpretable,uniform,occlusion_context,0.17295933957592338,38,0.2532005689900427
3,dtree,interpretable,uniform,attainable_utility_upper_bound,0.25056098606128674,38,0.0
3,dtree,interpretable,platform_survival,score_only,0.14522785571223146,38,0.2716927453769559
3,dtree,interpretable,platform_survival,channel_context_reference,0.21740042301733112,38,0.11948790896159317
3,dtree,interpretable,platform_survival,native_explanation_context,0.19515597160831435,38,0.15362731152204837
3,dtree,interpretable,platform_survival,occlusion_context,0.19573033129104175,38,0.14935988620199148
3,dtree,interpretable,platform_survival,attainable_utility_upper_bound,0.28323383697462606,38,0.0
3,dtree,interpretable,payload_first,score_only,0.2476308519959395,38,0.2716927453769559
3,dtree,interpretable,payload_first,channel_context_reference,0.2807416809092524,38,0.14082503556187767
3,dtree,interpretable,payload_first,native_explanation_context,0.2730880324182029,38,0.14082503556187767
3,dtree,interpretable,payload_first,occlusion_context,0.2719884793871869,38,0.1507823613086771
3,dtree,interpretable,payload_first,attainable_utility_upper_bound,0.3505058761386596,38,0.0
3,iforest,tree-ensemble,uniform,score_only,0.12762927462878446,41,0.0
3,iforest,tree-ensemble,uniform,channel_context_reference,0.12762927462878446,41,0.0
3,iforest,tree-ensemble,uniform,native_explanation_context,0.12762927462878446,41,0.0
3,iforest,tree-ensemble,uniform,occlusion_context,0.12762927462878446,41,0.0
3,iforest,tree-ensemble,uniform,attainable_utility_upper_bound,0.26111564412550564,41,0.0
3,iforest,tree-ensemble,platform_survival,score_only,0.1122728573512222,41,0.0
3,iforest,tree-ensemble,platform_survival,channel_context_reference,0.19405568813897242,41,0.0
3,iforest,tree-ensemble,platform_survival,native_explanation_context,0.09986831431514834,41,0.0
3,iforest,tree-ensemble,platform_survival,occlusion_context,0.10450673212529026,41,0.0
3,iforest,tree-ensemble,platform_survival,attainable_utility_upper_bound,0.2704753454755333,41,0.0
3,iforest,tree-ensemble,payload_first,score_only,0.1606863940000366,41,0.0
3,iforest,tree-ensemble,payload_first,channel_context_reference,0.25159563998543605,41,0.0
3,iforest,tree-ensemble,payload_first,native_explanation_context,0.12606213233521255,41,0.0
3,iforest,tree-ensemble,payload_first,occlusion_context,0.11935418447277638,41,0.0
3,iforest,tree-ensemble,payload_first,attainable_utility_upper_bound,0.31905872391090423,41,0.0
3,hgb,tree-ensemble,uniform,score_only,0.35953933828567136,70,0.0
3,hgb,tree-ensemble,uniform,channel_context_reference,0.35953933828567136,70,0.0
3,hgb,tree-ensemble,uniform,native_explanation_context,0.35953933828567136,70,0.0
3,hgb,tree-ensemble,uniform,occlusion_context,0.35953933828567136,70,0.0
3,hgb,tree-ensemble,uniform,attainable_utility_upper_bound,0.481385098922923,70,0.0
3,hgb,tree-ensemble,platform_survival,score_only,0.3633860670198172,70,0.0
3,hgb,tree-ensemble,platform_survival,channel_context_reference,0.3901872635925782,70,0.0
3,hgb,tree-ensemble,platform_survival,native_explanation_context,0.34946429261976647,70,0.0
3,hgb,tree-ensemble,platform_survival,occlusion_context,0.3657666143369701,70,0.0
3,hgb,tree-ensemble,platform_survival,attainable_utility_upper_bound,0.5399105756429935,70,0.0
3,hgb,tree-ensemble,payload_first,score_only,0.3992715876564602,70,0.0
3,hgb,tree-ensemble,payload_first,channel_context_reference,0.40187464944627327,70,0.0
3,hgb,tree-ensemble,payload_first,native_explanation_context,0.38147434924804563,70,0.0
3,hgb,tree-ensemble,payload_first,occlusion_context,0.3874543514907877,70,0.0
3,hgb,tree-ensemble,payload_first,attainable_utility_upper_bound,0.5342634788391311,70,0.0
3,pca,reconstruction,uniform,score_only,0.39071270438095673,61,0.0
3,pca,reconstruction,uniform,channel_context_reference,0.39071270438095673,61,0.0
3,pca,reconstruction,uniform,native_explanation_context,0.39071270438095673,61,0.0
3,pca,reconstruction,uniform,occlusion_context,0.39071270438095673,61,0.0
3,pca,reconstruction,uniform,attainable_utility_upper_bound,0.4509421923062824,61,0.0
3,pca,reconstruction,platform_survival,score_only,0.4319553171826469,61,0.0
3,pca,reconstruction,platform_survival,channel_context_reference,0.4690254433046985,61,0.0
3,pca,reconstruction,platform_survival,native_explanation_context,0.4229407773988676,61,0.0
3,pca,reconstruction,platform_survival,occlusion_context,0.4655687826363476,61,0.0
3,pca,reconstruction,platform_survival,attainable_utility_upper_bound,0.5229850977344036,61,0.0
3,pca,reconstruction,payload_first,score_only,0.4266482479330182,61,0.0
3,pca,reconstruction,payload_first,channel_context_reference,0.4155549708741808,61,0.0
3,pca,reconstruction,payload_first,native_explanation_context,0.3962722216630116,61,0.0
3,pca,reconstruction,payload_first,occlusion_context,0.38469286792833574,61,0.0
3,pca,reconstruction,payload_first,attainable_utility_upper_bound,0.5549483393649418,61,0.0
3,ae,reconstruction,uniform,score_only,0.37750081189987245,58,0.0
3,ae,reconstruction,uniform,channel_context_reference,0.37750081189987245,58,0.0
3,ae,reconstruction,uniform,native_explanation_context,0.37750081189987245,58,0.0
3,ae,reconstruction,uniform,occlusion_context,0.37750081189987245,58,0.0
3,ae,reconstruction,uniform,attainable_utility_upper_bound,0.43308285217402975,58,0.0
3,ae,reconstruction,platform_survival,score_only,0.4155232495110538,58,0.0
3,ae,reconstruction,platform_survival,channel_context_reference,0.4562793407679269,58,0.0
3,ae,reconstruction,platform_survival,native_explanation_context,0.422571034180872,58,0.0
3,ae,reconstruction,platform_survival,occlusion_context,0.4544562855698024,58,0.0
3,ae,reconstruction,platform_survival,attainable_utility_upper_bound,0.5053536488972032,58,0.0
3,ae,reconstruction,payload_first,score_only,0.4072829718756135,58,0.0
3,ae,reconstruction,payload_first,channel_context_reference,0.41382313758261624,58,0.0
3,ae,reconstruction,payload_first,native_explanation_context,0.3978235104458938,58,0.0
3,ae,reconstruction,payload_first,occlusion_context,0.3704181085686671,58,0.0
3,ae,reconstruction,payload_first,attainable_utility_upper_bound,0.5397569145911087,58,0.0
4,lr,interpretable,uniform,score_only,0.32272276407349015,56,0.0
4,lr,interpretable,uniform,channel_context_reference,0.32272276407349015,56,0.0
4,lr,interpretable,uniform,native_explanation_context,0.32272276407349015,56,0.0
4,lr,interpretable,uniform,occlusion_context,0.32272276407349015,56,0.0
4,lr,interpretable,uniform,attainable_utility_upper_bound,0.4185193842602173,56,0.0
4,lr,interpretable,platform_survival,score_only,0.28300455617579157,56,0.0
4,lr,interpretable,platform_survival,channel_context_reference,0.3326230825191459,56,0.0
4,lr,interpretable,platform_survival,native_explanation_context,0.34502471438016546,56,0.0
4,lr,interpretable,platform_survival,occlusion_context,0.34509862998192203,56,0.0
4,lr,interpretable,platform_survival,attainable_utility_upper_bound,0.450603779306326,56,0.0
4,lr,interpretable,payload_first,score_only,0.3706902882414814,56,0.0
4,lr,interpretable,payload_first,channel_context_reference,0.4055169781591225,56,0.0
4,lr,interpretable,payload_first,native_explanation_context,0.41040168209995154,56,0.0
4,lr,interpretable,payload_first,occlusion_context,0.38789783128312194,56,0.0
4,lr,interpretable,payload_first,attainable_utility_upper_bound,0.4802833261319723,56,0.0
4,dtree,interpretable,uniform,score_only,0.12212661025719472,26,0.35384615384615387
4,dtree,interpretable,uniform,channel_context_reference,0.12212661025719472,26,0.35384615384615387
4,dtree,interpretable,uniform,native_explanation_context,0.13059415418916934,26,0.26461538461538464
4,dtree,interpretable,uniform,occlusion_context,0.12212661025719472,26,0.35384615384615387
4,dtree,interpretable,uniform,attainable_utility_upper_bound,0.19239954326586808,26,0.0
4,dtree,interpretable,platform_survival,score_only,0.07147405478889021,26,0.35384615384615387
4,dtree,interpretable,platform_survival,channel_context_reference,0.1061907742320901,26,0.046153846153846156
4,dtree,interpretable,platform_survival,native_explanation_context,0.11402542966686947,26,0.055384615384615386
4,dtree,interpretable,platform_survival,occlusion_context,0.10590084062858114,26,0.11384615384615385
4,dtree,interpretable,platform_survival,attainable_utility_upper_bound,0.17301080595623491,26,0.0
4,dtree,interpretable,payload_first,score_only,0.17495801850675524,26,0.35384615384615387
4,dtree,interpretable,payload_first,channel_context_reference,0.1956858456388557,26,0.07384615384615385
4,dtree,interpretable,payload_first,native_explanation_context,0.2144366720543264,26,0.052307692307692305
4,dtree,interpretable,payload_first,occlusion_context,0.2138410019929963,26,0.11384615384615385
4,dtree,interpretable,payload_first,attainable_utility_upper_bound,0.2898627441297937,26,0.0
4,iforest,tree-ensemble,uniform,score_only,0.06774098082703706,26,0.0
4,iforest,tree-ensemble,uniform,channel_context_reference,0.06774098082703706,26,0.0
4,iforest,tree-ensemble,uniform,native_explanation_context,0.06774098082703706,26,0.0
4,iforest,tree-ensemble,uniform,occlusion_context,0.06774098082703706,26,0.0
4,iforest,tree-ensemble,uniform,attainable_utility_upper_bound,0.13465267693729907,26,0.0
4,iforest,tree-ensemble,platform_survival,score_only,0.09055594690300102,26,0.0
4,iforest,tree-ensemble,platform_survival,channel_context_reference,0.13481196877487403,26,0.0
4,iforest,tree-ensemble,platform_survival,native_explanation_context,0.08421189175729368,26,0.0
4,iforest,tree-ensemble,platform_survival,occlusion_context,0.0858617571853904,26,0.0
4,iforest,tree-ensemble,platform_survival,attainable_utility_upper_bound,0.1601911872595949,26,0.0
4,iforest,tree-ensemble,payload_first,score_only,0.0460867178449883,26,0.0
4,iforest,tree-ensemble,payload_first,channel_context_reference,0.07985765187068694,26,0.0
4,iforest,tree-ensemble,payload_first,native_explanation_context,0.040776194798125213,26,0.0
4,iforest,tree-ensemble,payload_first,occlusion_context,0.038948625395820925,26,0.0
4,iforest,tree-ensemble,payload_first,attainable_utility_upper_bound,0.1354290618881301,26,0.0
4,hgb,tree-ensemble,uniform,score_only,0.13332470792758505,24,0.0
4,hgb,tree-ensemble,uniform,channel_context_reference,0.13332470792758505,24,0.0
4,hgb,tree-ensemble,uniform,native_explanation_context,0.13332470792758505,24,0.0
4,hgb,tree-ensemble,uniform,occlusion_context,0.13332470792758505,24,0.0
4,hgb,tree-ensemble,uniform,attainable_utility_upper_bound,0.18988049924265774,24,0.0
4,hgb,tree-ensemble,platform_survival,score_only,0.08841935754066028,24,0.0
4,hgb,tree-ensemble,platform_survival,channel_context_reference,0.18686486741269623,24,0.0
4,hgb,tree-ensemble,platform_survival,native_explanation_context,0.19357539870306506,24,0.0
4,hgb,tree-ensemble,platform_survival,occlusion_context,0.18825188550112937,24,0.0
4,hgb,tree-ensemble,platform_survival,attainable_utility_upper_bound,0.22528320067833044,24,0.0
4,hgb,tree-ensemble,payload_first,score_only,0.24256512910207548,24,0.0
4,hgb,tree-ensemble,payload_first,channel_context_reference,0.23024697176520184,24,0.0
4,hgb,tree-ensemble,payload_first,native_explanation_context,0.22996466569995525,24,0.0
4,hgb,tree-ensemble,payload_first,occlusion_context,0.22277452650015095,24,0.0
4,hgb,tree-ensemble,payload_first,attainable_utility_upper_bound,0.28372446485716546,24,0.0
4,pca,reconstruction,uniform,score_only,0.34296231223534324,55,0.0
4,pca,reconstruction,uniform,channel_context_reference,0.34296231223534324,55,0.0
4,pca,reconstruction,uniform,native_explanation_context,0.34296231223534324,55,0.0
4,pca,reconstruction,uniform,occlusion_context,0.34296231223534324,55,0.0
4,pca,reconstruction,uniform,attainable_utility_upper_bound,0.42064735825852445,55,0.0
4,pca,reconstruction,platform_survival,score_only,0.32728942154538904,55,0.0
4,pca,reconstruction,platform_survival,channel_context_reference,0.3707243118954844,55,0.0
4,pca,reconstruction,platform_survival,native_explanation_context,0.35470799422544896,55,0.0
4,pca,reconstruction,platform_survival,occlusion_context,0.3707243118954844,55,0.0
4,pca,reconstruction,platform_survival,attainable_utility_upper_bound,0.48281779449455225,55,0.0
4,pca,reconstruction,payload_first,score_only,0.4409318299665982,55,0.0
4,pca,reconstruction,payload_first,channel_context_reference,0.441756697367084,55,0.0
4,pca,reconstruction,payload_first,native_explanation_context,0.36298555263429694,55,0.0
4,pca,reconstruction,payload_first,occlusion_context,0.3429015890546376,55,0.0
4,pca,reconstruction,payload_first,attainable_utility_upper_bound,0.49623335653377904,55,0.0
4,ae,reconstruction,uniform,score_only,0.3753249254253967,62,0.0
4,ae,reconstruction,uniform,channel_context_reference,0.3753249254253967,62,0.0
4,ae,reconstruction,uniform,native_explanation_context,0.3753249254253967,62,0.0
4,ae,reconstruction,uniform,occlusion_context,0.3753249254253967,62,0.0
4,ae,reconstruction,uniform,attainable_utility_upper_bound,0.4621307727486347,62,0.0
4,ae,reconstruction,platform_survival,score_only,0.3559243746618826,62,0.0
4,ae,reconstruction,platform_survival,channel_context_reference,0.40382694538742275,62,0.0
4,ae,reconstruction,platform_survival,native_explanation_context,0.39510322372210316,62,0.0
4,ae,reconstruction,platform_survival,occlusion_context,0.4022180326759904,62,0.0
4,ae,reconstruction,platform_survival,attainable_utility_upper_bound,0.5210191272995907,62,0.0
4,ae,reconstruction,payload_first,score_only,0.464189156328061,62,0.0
4,ae,reconstruction,payload_first,channel_context_reference,0.4750186758993884,62,0.0
4,ae,reconstruction,payload_first,native_explanation_context,0.38112151631613206,62,0.0
4,ae,reconstruction,payload_first,occlusion_context,0.37117232522351523,62,0.0
4,ae,reconstruction,payload_first,attainable_utility_upper_bound,0.5337494113289439,62,0.0
5,lr,interpretable,uniform,score_only,0.3382907574120732,52,0.011312217194570135
5,lr,interpretable,uniform,channel_context_reference,0.3382907574120732,52,0.011312217194570135
5,lr,interpretable,uniform,native_explanation_context,0.3382907574120732,52,0.011312217194570135
5,lr,interpretable,uniform,occlusion_context,0.3381889995592251,52,0.005279034690799397
5,lr,interpretable,uniform,attainable_utility_upper_bound,0.397392557162366,52,0.0
5,lr,interpretable,platform_survival,score_only,0.3122746893354102,52,0.011312217194570135
5,lr,interpretable,platform_survival,channel_context_reference,0.3534745562554587,52,0.0030165912518853697
5,lr,interpretable,platform_survival,native_explanation_context,0.3595018106549447,52,0.0
5,lr,interpretable,platform_survival,occlusion_context,0.38407236541909595,52,0.0
5,lr,interpretable,platform_survival,attainable_utility_upper_bound,0.4233180220144706,52,0.0
5,lr,interpretable,payload_first,score_only,0.3929502627973853,52,0.011312217194570135
5,lr,interpretable,payload_first,channel_context_reference,0.36779235431130347,52,0.0007541478129713424
5,lr,interpretable,payload_first,native_explanation_context,0.3396380328704716,52,0.0
5,lr,interpretable,payload_first,occlusion_context,0.32694660750626603,52,0.0
5,lr,interpretable,payload_first,attainable_utility_upper_bound,0.4538852858543001,52,0.0
5,dtree,interpretable,uniform,score_only,0.1410757428344214,31,0.30752688172043013
5,dtree,interpretable,uniform,channel_context_reference,0.1410757428344214,31,0.30752688172043013
5,dtree,interpretable,uniform,native_explanation_context,0.12988604939272538,31,0.15483870967741936
5,dtree,interpretable,uniform,occlusion_context,0.14055122131476336,31,0.25806451612903225
5,dtree,interpretable,uniform,attainable_utility_upper_bound,0.23946030009088284,31,0.0
5,dtree,interpretable,platform_survival,score_only,0.10765051247928682,31,0.30752688172043013
5,dtree,interpretable,platform_survival,channel_context_reference,0.19303058341390103,31,0.07096774193548387
5,dtree,interpretable,platform_survival,native_explanation_context,0.1747490968196369,31,0.008602150537634409
5,dtree,interpretable,platform_survival,occlusion_context,0.17978040464770523,31,0.11182795698924732
5,dtree,interpretable,platform_survival,attainable_utility_upper_bound,0.24751370641126155,31,0.0
5,dtree,interpretable,payload_first,score_only,0.18413956093310685,31,0.30752688172043013
5,dtree,interpretable,payload_first,channel_context_reference,0.27217667119698613,31,0.06451612903225806
5,dtree,interpretable,payload_first,native_explanation_context,0.19981273077903122,31,0.010752688172043012
5,dtree,interpretable,payload_first,occlusion_context,0.22507408263078899,31,0.11182795698924732
5,dtree,interpretable,payload_first,attainable_utility_upper_bound,0.33040431871487286,31,0.0
5,iforest,tree-ensemble,uniform,score_only,0.029682119085390053,34,0.0
5,iforest,tree-ensemble,uniform,channel_context_reference,0.029682119085390053,34,0.0
5,iforest,tree-ensemble,uniform,native_explanation_context,0.029682119085390053,34,0.0
5,iforest,tree-ensemble,uniform,occlusion_context,0.029682119085390053,34,0.0
5,iforest,tree-ensemble,uniform,attainable_utility_upper_bound,0.1805543213314577,34,0.0
5,iforest,tree-ensemble,platform_survival,score_only,0.03012148017557236,34,0.0
5,iforest,tree-ensemble,platform_survival,channel_context_reference,0.11864157634855538,34,0.0
5,iforest,tree-ensemble,platform_survival,native_explanation_context,0.07462801667637886,34,0.0
5,iforest,tree-ensemble,platform_survival,occlusion_context,0.07913563401570528,34,0.0
5,iforest,tree-ensemble,platform_survival,attainable_utility_upper_bound,0.16660872244247302,34,0.0
5,iforest,tree-ensemble,payload_first,score_only,0.038193206911037496,34,0.0
5,iforest,tree-ensemble,payload_first,channel_context_reference,0.20131607369797863,34,0.0
5,iforest,tree-ensemble,payload_first,native_explanation_context,0.030674232161283232,34,0.0
5,iforest,tree-ensemble,payload_first,occlusion_context,0.030674232161283232,34,0.0
5,iforest,tree-ensemble,payload_first,attainable_utility_upper_bound,0.25315393017602345,34,0.0
5,hgb,tree-ensemble,uniform,score_only,0.36216224905440136,67,0.0
5,hgb,tree-ensemble,uniform,channel_context_reference,0.36216224905440136,67,0.0
5,hgb,tree-ensemble,uniform,native_explanation_context,0.36216224905440136,67,0.0
5,hgb,tree-ensemble,uniform,occlusion_context,0.36216224905440136,67,0.0
5,hgb,tree-ensemble,uniform,attainable_utility_upper_bound,0.4554177757262108,67,0.0
5,hgb,tree-ensemble,platform_survival,score_only,0.2997519858645628,67,0.0
5,hgb,tree-ensemble,platform_survival,channel_context_reference,0.293128910847776,67,0.0
5,hgb,tree-ensemble,platform_survival,native_explanation_context,0.2868564126739247,67,0.0
5,hgb,tree-ensemble,platform_survival,occlusion_context,0.30816337124087617,67,0.0
5,hgb,tree-ensemble,platform_survival,attainable_utility_upper_bound,0.43714310045981736,67,0.0
5,hgb,tree-ensemble,payload_first,score_only,0.42290484546010954,67,0.0
5,hgb,tree-ensemble,payload_first,channel_context_reference,0.37123680119304425,67,0.0
5,hgb,tree-ensemble,payload_first,native_explanation_context,0.32324385175891296,67,0.0
5,hgb,tree-ensemble,payload_first,occlusion_context,0.3267052779316146,67,0.0
5,hgb,tree-ensemble,payload_first,attainable_utility_upper_bound,0.49464980235102485,67,0.0
5,pca,reconstruction,uniform,score_only,0.47443478914589793,79,0.0
5,pca,reconstruction,uniform,channel_context_reference,0.47443478914589793,79,0.0
5,pca,reconstruction,uniform,native_explanation_context,0.47443478914589793,79,0.0
5,pca,reconstruction,uniform,occlusion_context,0.47443478914589793,79,0.0
5,pca,reconstruction,uniform,attainable_utility_upper_bound,0.5646622802867209,79,0.0
5,pca,reconstruction,platform_survival,score_only,0.4487957381015482,79,0.0
5,pca,reconstruction,platform_survival,channel_context_reference,0.5094476477472654,79,0.0
5,pca,reconstruction,platform_survival,native_explanation_context,0.4880593296715434,79,0.0
5,pca,reconstruction,platform_survival,occlusion_context,0.510374523624707,79,0.0
5,pca,reconstruction,platform_survival,attainable_utility_upper_bound,0.6161922977784929,79,0.0
5,pca,reconstruction,payload_first,score_only,0.5126019495178925,79,0.0
5,pca,reconstruction,payload_first,channel_context_reference,0.49786033174209005,79,0.0
5,pca,reconstruction,payload_first,native_explanation_context,0.3875717884830249,79,0.0
5,pca,reconstruction,payload_first,occlusion_context,0.3827702962756802,79,0.0
5,pca,reconstruction,payload_first,attainable_utility_upper_bound,0.6296055298299348,79,0.0
5,ae,reconstruction,uniform,score_only,0.46615217537891984,76,0.0
5,ae,reconstruction,uniform,channel_context_reference,0.46615217537891984,76,0.0
5,ae,reconstruction,uniform,native_explanation_context,0.46615217537891984,76,0.0
5,ae,reconstruction,uniform,occlusion_context,0.46615217537891984,76,0.0
5,ae,reconstruction,uniform,attainable_utility_upper_bound,0.5521011308303857,76,0.0
5,ae,reconstruction,platform_survival,score_only,0.45143186261851737,76,0.0
5,ae,reconstruction,platform_survival,channel_context_reference,0.5091212704834349,76,0.0
5,ae,reconstruction,platform_survival,native_explanation_context,0.4951703042366659,76,0.0
5,ae,reconstruction,platform_survival,occlusion_context,0.48842769456063834,76,0.0
5,ae,reconstruction,platform_survival,attainable_utility_upper_bound,0.6049769822749074,76,0.0
5,ae,reconstruction,payload_first,score_only,0.5041849591975395,76,0.0
5,ae,reconstruction,payload_first,channel_context_reference,0.4905606873868049,76,0.0
5,ae,reconstruction,payload_first,native_explanation_context,0.3235254020083304,76,0.0
5,ae,reconstruction,payload_first,occlusion_context,0.30776240777041486,76,0.0
5,ae,reconstruction,payload_first,attainable_utility_upper_bound,0.6189798179791771,76,0.0
6,lr,interpretable,uniform,score_only,0.3177963216820208,46,0.005797101449275362
6,lr,interpretable,uniform,channel_context_reference,0.3177963216820208,46,0.005797101449275362
6,lr,interpretable,uniform,native_explanation_context,0.31781613550980126,46,0.000966183574879227
6,lr,interpretable,uniform,occlusion_context,0.3174672772278903,46,0.000966183574879227
6,lr,interpretable,uniform,attainable_utility_upper_bound,0.37416993916424013,46,0.0
6,lr,interpretable,platform_survival,score_only,0.2770417464774315,46,0.005797101449275362
6,lr,interpretable,platform_survival,channel_context_reference,0.34643523189042835,46,0.0
6,lr,interpretable,platform_survival,native_explanation_context,0.342033880906618,46,0.0
6,lr,interpretable,platform_survival,occlusion_context,0.32362463631541566,46,0.0
6,lr,interpretable,platform_survival,attainable_utility_upper_bound,0.4271189188994738,46,0.0
6,lr,interpretable,payload_first,score_only,0.4335701799302382,46,0.005797101449275362
6,lr,interpretable,payload_first,channel_context_reference,0.4238623945198976,46,0.0
6,lr,interpretable,payload_first,native_explanation_context,0.40744964317340787,46,0.0
6,lr,interpretable,payload_first,occlusion_context,0.40685256108579915,46,0.0
6,lr,interpretable,payload_first,attainable_utility_upper_bound,0.48507910224058165,46,0.0
6,dtree,interpretable,uniform,score_only,0.16921987188668486,35,0.27563025210084036
6,dtree,interpretable,uniform,channel_context_reference,0.16921987188668486,35,0.27563025210084036
6,dtree,interpretable,uniform,native_explanation_context,0.19209899876399805,35,0.15966386554621848
6,dtree,interpretable,uniform,occlusion_context,0.15883542535968995,35,0.2504201680672269
6,dtree,interpretable,uniform,attainable_utility_upper_bound,0.27208622105465236,35,0.0
6,dtree,interpretable,platform_survival,score_only,0.12111810056838522,35,0.27563025210084036
6,dtree,interpretable,platform_survival,channel_context_reference,0.20502598610845163,35,0.05378151260504202
6,dtree,interpretable,platform_survival,native_explanation_context,0.1462824698057485,35,0.02857142857142857
6,dtree,interpretable,platform_survival,occlusion_context,0.19946333814842565,35,0.09747899159663866
6,dtree,interpretable,platform_survival,attainable_utility_upper_bound,0.2772319531733056,35,0.0
6,dtree,interpretable,payload_first,score_only,0.26209254142159494,35,0.27563025210084036
6,dtree,interpretable,payload_first,channel_context_reference,0.33717080559412227,35,0.06890756302521009
6,dtree,interpretable,payload_first,native_explanation_context,0.3293290272719326,35,0.023529411764705882
6,dtree,interpretable,payload_first,occlusion_context,0.3209003326728092,35,0.0957983193277311
6,dtree,interpretable,payload_first,attainable_utility_upper_bound,0.40600326428572353,35,0.0
6,iforest,tree-ensemble,uniform,score_only,0.015746772647580915,26,0.0
6,iforest,tree-ensemble,uniform,channel_context_reference,0.015746772647580915,26,0.0
6,iforest,tree-ensemble,uniform,native_explanation_context,0.015746772647580915,26,0.0
6,iforest,tree-ensemble,uniform,occlusion_context,0.015746772647580915,26,0.0
6,iforest,tree-ensemble,uniform,attainable_utility_upper_bound,0.1073140055476481,26,0.0
6,iforest,tree-ensemble,platform_survival,score_only,0.020746102776515913,26,0.0
6,iforest,tree-ensemble,platform_survival,channel_context_reference,0.05212265946608498,26,0.0
6,iforest,tree-ensemble,platform_survival,native_explanation_context,0.020746102776515913,26,0.0
6,iforest,tree-ensemble,platform_survival,occlusion_context,0.020746102776515913,26,0.0
6,iforest,tree-ensemble,platform_survival,attainable_utility_upper_bound,0.07927417585830855,26,0.0
6,iforest,tree-ensemble,payload_first,score_only,0.016853140225882683,26,0.0
6,iforest,tree-ensemble,payload_first,channel_context_reference,0.17367675784068476,26,0.0
6,iforest,tree-ensemble,payload_first,native_explanation_context,0.020669657812290805,26,0.0
6,iforest,tree-ensemble,payload_first,occlusion_context,0.016853140225882683,26,0.0
6,iforest,tree-ensemble,payload_first,attainable_utility_upper_bound,0.18561258650160609,26,0.0
6,hgb,tree-ensemble,uniform,score_only,0.4106085240288084,71,0.0
6,hgb,tree-ensemble,uniform,channel_context_reference,0.4106085240288084,71,0.0
6,hgb,tree-ensemble,uniform,native_explanation_context,0.4106085240288084,71,0.0
6,hgb,tree-ensemble,uniform,occlusion_context,0.4106085240288084,71,0.0
6,hgb,tree-ensemble,uniform,attainable_utility_upper_bound,0.48999922336200136,71,0.0
6,hgb,tree-ensemble,platform_survival,score_only,0.3578884966282328,71,0.0
6,hgb,tree-ensemble,platform_survival,channel_context_reference,0.38600621162993676,71,0.0
6,hgb,tree-ensemble,platform_survival,native_explanation_context,0.3812631951109934,71,0.0
6,hgb,tree-ensemble,platform_survival,occlusion_context,0.38125718520697793,71,0.0
6,hgb,tree-ensemble,platform_survival,attainable_utility_upper_bound,0.4987760137128329,71,0.0
6,hgb,tree-ensemble,payload_first,score_only,0.4905038743907898,71,0.0
6,hgb,tree-ensemble,payload_first,channel_context_reference,0.49121690983434785,71,0.0
6,hgb,tree-ensemble,payload_first,native_explanation_context,0.4865632104343144,71,0.0
6,hgb,tree-ensemble,payload_first,occlusion_context,0.4160014525191553,71,0.0
6,hgb,tree-ensemble,payload_first,attainable_utility_upper_bound,0.5926298255650558,71,0.0
6,pca,reconstruction,uniform,score_only,0.4798721015639959,74,0.0
6,pca,reconstruction,uniform,channel_context_reference,0.4798721015639959,74,0.0
6,pca,reconstruction,uniform,native_explanation_context,0.4798721015639959,74,0.0
6,pca,reconstruction,uniform,occlusion_context,0.4798721015639959,74,0.0
6,pca,reconstruction,uniform,attainable_utility_upper_bound,0.5454408329724608,74,0.0
6,pca,reconstruction,platform_survival,score_only,0.462556016160122,74,0.0
6,pca,reconstruction,platform_survival,channel_context_reference,0.5044333425440537,74,0.0
6,pca,reconstruction,platform_survival,native_explanation_context,0.4618969958694007,74,0.0
6,pca,reconstruction,platform_survival,occlusion_context,0.5111557049970004,74,0.0
6,pca,reconstruction,platform_survival,attainable_utility_upper_bound,0.5996939833607344,74,0.0
6,pca,reconstruction,payload_first,score_only,0.5940305817001875,74,0.0
6,pca,reconstruction,payload_first,channel_context_reference,0.5618107091913518,74,0.0
6,pca,reconstruction,payload_first,native_explanation_context,0.3947339792022205,74,0.0
6,pca,reconstruction,payload_first,occlusion_context,0.35975499699533486,74,0.0
6,pca,reconstruction,payload_first,attainable_utility_upper_bound,0.6384215018062281,74,0.0
6,ae,reconstruction,uniform,score_only,0.45578304185233454,70,0.0
6,ae,reconstruction,uniform,channel_context_reference,0.45578304185233454,70,0.0
6,ae,reconstruction,uniform,native_explanation_context,0.45578304185233454,70,0.0
6,ae,reconstruction,uniform,occlusion_context,0.45578304185233454,70,0.0
6,ae,reconstruction,uniform,attainable_utility_upper_bound,0.5272540757510791,70,0.0
6,ae,reconstruction,platform_survival,score_only,0.43612763272712796,70,0.0
6,ae,reconstruction,platform_survival,channel_context_reference,0.49361867362455164,70,0.0
6,ae,reconstruction,platform_survival,native_explanation_context,0.47118909674847054,70,0.0
6,ae,reconstruction,platform_survival,occlusion_context,0.4555732907321984,70,0.0
6,ae,reconstruction,platform_survival,attainable_utility_upper_bound,0.5834105905138648,70,0.0
6,ae,reconstruction,payload_first,score_only,0.5814166781192119,70,0.0
6,ae,reconstruction,payload_first,channel_context_reference,0.5538288398315847,70,0.0
6,ae,reconstruction,payload_first,native_explanation_context,0.36953536275407917,70,0.0
6,ae,reconstruction,payload_first,occlusion_context,0.37013657570328184,70,0.0
6,ae,reconstruction,payload_first,attainable_utility_upper_bound,0.6233841979735795,70,0.0
7,lr,interpretable,uniform,score_only,0.44140966129899484,71,0.00040241448692152917
7,lr,interpretable,uniform,channel_context_reference,0.44140966129899484,71,0.00040241448692152917
7,lr,interpretable,uniform,native_explanation_context,0.4414096612989947,71,0.0
7,lr,interpretable,uniform,occlusion_context,0.4414096612989947,71,0.0
7,lr,interpretable,uniform,attainable_utility_upper_bound,0.498982363898807,71,0.0
7,lr,interpretable,platform_survival,score_only,0.4404195744025168,71,0.00040241448692152917
7,lr,interpretable,platform_survival,channel_context_reference,0.47846028938844776,71,0.0
7,lr,interpretable,platform_survival,native_explanation_context,0.49160876897145006,71,0.0
7,lr,interpretable,platform_survival,occlusion_context,0.4749482082858626,71,0.0
7,lr,interpretable,platform_survival,attainable_utility_upper_bound,0.5530725871853314,71,0.0
7,lr,interpretable,payload_first,score_only,0.4846314063703358,71,0.00040241448692152917
7,lr,interpretable,payload_first,channel_context_reference,0.488407729013946,71,0.0
7,lr,interpretable,payload_first,native_explanation_context,0.4543217563873385,71,0.0
7,lr,interpretable,payload_first,occlusion_context,0.4628125474839051,71,0.0
7,lr,interpretable,payload_first,attainable_utility_upper_bound,0.6097012390919717,71,0.0
7,dtree,interpretable,uniform,score_only,0.22406868634396765,39,0.26450742240215924
7,dtree,interpretable,uniform,channel_context_reference,0.22406868634396765,39,0.26450742240215924
7,dtree,interpretable,uniform,native_explanation_context,0.22495414581674184,39,0.19433198380566802
7,dtree,interpretable,uniform,occlusion_context,0.21186056565865324,39,0.20107962213225372
7,dtree,interpretable,uniform,attainable_utility_upper_bound,0.303677087404754,39,0.0
7,dtree,interpretable,platform_survival,score_only,0.262043119752964,39,0.26450742240215924
7,dtree,interpretable,platform_survival,channel_context_reference,0.2752191196313509,39,0.08771929824561403
7,dtree,interpretable,platform_survival,native_explanation_context,0.26704889601691834,39,0.01349527665317139
7,dtree,interpretable,platform_survival,occlusion_context,0.26528946011659604,39,0.09716599190283401
7,dtree,interpretable,platform_survival,attainable_utility_upper_bound,0.35193428427065926,39,0.0
7,dtree,interpretable,payload_first,score_only,0.1478531753227958,39,0.26450742240215924
7,dtree,interpretable,payload_first,channel_context_reference,0.30848030443076935,39,0.10121457489878542
7,dtree,interpretable,payload_first,native_explanation_context,0.33912302751399337,39,0.016194331983805668
7,dtree,interpretable,payload_first,occlusion_context,0.3426784282092281,39,0.11740890688259109
7,dtree,interpretable,payload_first,attainable_utility_upper_bound,0.4009088415626987,39,0.0
7,iforest,tree-ensemble,uniform,score_only,0.09615968480573361,47,0.0
7,iforest,tree-ensemble,uniform,channel_context_reference,0.09615968480573361,47,0.0
7,iforest,tree-ensemble,uniform,native_explanation_context,0.09615968480573361,47,0.0
7,iforest,tree-ensemble,uniform,occlusion_context,0.09615968480573361,47,0.0
7,iforest,tree-ensemble,uniform,attainable_utility_upper_bound,0.2216143920411475,47,0.0
7,iforest,tree-ensemble,platform_survival,score_only,0.08755785377015927,47,0.0
7,iforest,tree-ensemble,platform_survival,channel_context_reference,0.16321973111125768,47,0.0
7,iforest,tree-ensemble,platform_survival,native_explanation_context,0.0666928322569892,47,0.0
7,iforest,tree-ensemble,platform_survival,occlusion_context,0.06607155392075885,47,0.0
7,iforest,tree-ensemble,platform_survival,attainable_utility_upper_bound,0.23763956894919697,47,0.0
7,iforest,tree-ensemble,payload_first,score_only,0.11955036858578957,47,0.0
7,iforest,tree-ensemble,payload_first,channel_context_reference,0.17573937333092898,47,0.0
7,iforest,tree-ensemble,payload_first,native_explanation_context,0.1264072203163625,47,0.0
7,iforest,tree-ensemble,payload_first,occlusion_context,0.13798239200583393,47,0.0
7,iforest,tree-ensemble,payload_first,attainable_utility_upper_bound,0.2720586207400543,47,0.0
7,hgb,tree-ensemble,uniform,score_only,0.46990752917119055,88,0.0
7,hgb,tree-ensemble,uniform,channel_context_reference,0.46990752917119055,88,0.0
7,hgb,tree-ensemble,uniform,native_explanation_context,0.46990752917119055,88,0.0
7,hgb,tree-ensemble,uniform,occlusion_context,0.46990752917119055,88,0.0
7,hgb,tree-ensemble,uniform,attainable_utility_upper_bound,0.5410135953330131,88,0.0
7,hgb,tree-ensemble,platform_survival,score_only,0.44239983236462643,88,0.0
7,hgb,tree-ensemble,platform_survival,channel_context_reference,0.4681762477351337,88,0.0
7,hgb,tree-ensemble,platform_survival,native_explanation_context,0.4460634368560977,88,0.0
7,hgb,tree-ensemble,platform_survival,occlusion_context,0.4418351048138129,88,0.0
7,hgb,tree-ensemble,platform_survival,attainable_utility_upper_bound,0.5945056833323501,88,0.0
7,hgb,tree-ensemble,payload_first,score_only,0.48914896949858605,88,0.0
7,hgb,tree-ensemble,payload_first,channel_context_reference,0.42915960058042174,88,0.0
7,hgb,tree-ensemble,payload_first,native_explanation_context,0.4213034708599946,88,0.0
7,hgb,tree-ensemble,payload_first,occlusion_context,0.4000860887072695,88,0.0
7,hgb,tree-ensemble,payload_first,attainable_utility_upper_bound,0.5801620507802482,88,0.0
7,pca,reconstruction,uniform,score_only,0.4730795658459637,76,0.0
7,pca,reconstruction,uniform,channel_context_reference,0.4730795658459637,76,0.0
7,pca,reconstruction,uniform,native_explanation_context,0.4730795658459637,76,0.0
7,pca,reconstruction,uniform,occlusion_context,0.4730795658459637,76,0.0
7,pca,reconstruction,uniform,attainable_utility_upper_bound,0.5348090534052349,76,0.0
7,pca,reconstruction,platform_survival,score_only,0.4766370785386715,76,0.0
7,pca,reconstruction,platform_survival,channel_context_reference,0.4976442788522437,76,0.0
7,pca,reconstruction,platform_survival,native_explanation_context,0.494857721891785,76,0.0
7,pca,reconstruction,platform_survival,occlusion_context,0.4907114662563043,76,0.0
7,pca,reconstruction,platform_survival,attainable_utility_upper_bound,0.5956770635725598,76,0.0
7,pca,reconstruction,payload_first,score_only,0.5364495091505959,76,0.0
7,pca,reconstruction,payload_first,channel_context_reference,0.5190052436407248,76,0.0
7,pca,reconstruction,payload_first,native_explanation_context,0.4160888195497016,76,0.0
7,pca,reconstruction,payload_first,occlusion_context,0.4198836926315897,76,0.0
7,pca,reconstruction,payload_first,attainable_utility_upper_bound,0.6431758439516719,76,0.0
7,ae,reconstruction,uniform,score_only,0.5169348622885067,88,0.0
7,ae,reconstruction,uniform,channel_context_reference,0.5169348622885067,88,0.0
7,ae,reconstruction,uniform,native_explanation_context,0.5169348622885067,88,0.0
7,ae,reconstruction,uniform,occlusion_context,0.5169348622885067,88,0.0
7,ae,reconstruction,uniform,attainable_utility_upper_bound,0.5771722794684828,88,0.0
7,ae,reconstruction,platform_survival,score_only,0.530594675155289,88,0.0
7,ae,reconstruction,platform_survival,channel_context_reference,0.5393846012032886,88,0.0
7,ae,reconstruction,platform_survival,native_explanation_context,0.5176259908109699,88,0.0
7,ae,reconstruction,platform_survival,occlusion_context,0.5549032008059173,88,0.0
7,ae,reconstruction,platform_survival,attainable_utility_upper_bound,0.6341704999595166,88,0.0
7,ae,reconstruction,payload_first,score_only,0.5730340473741994,88,0.0
7,ae,reconstruction,payload_first,channel_context_reference,0.5386892731532408,88,0.0
7,ae,reconstruction,payload_first,native_explanation_context,0.4117087680040679,88,0.0
7,ae,reconstruction,payload_first,occlusion_context,0.4294733339939154,88,0.0
7,ae,reconstruction,payload_first,attainable_utility_upper_bound,0.6765686478159686,88,0.0
8,lr,interpretable,uniform,score_only,0.38577272888876485,75,0.0
8,lr,interpretable,uniform,channel_context_reference,0.38577272888876485,75,0.0
8,lr,interpretable,uniform,native_explanation_context,0.38577272888876485,75,0.0
8,lr,interpretable,uniform,occlusion_context,0.38577272888876485,75,0.0
8,lr,interpretable,uniform,attainable_utility_upper_bound,0.5167122900341307,75,0.0
8,lr,interpretable,platform_survival,score_only,0.36690504673494023,75,0.0
8,lr,interpretable,platform_survival,channel_context_reference,0.44491510569167336,75,0.0
8,lr,interpretable,platform_survival,native_explanation_context,0.4332486551200383,75,0.0
8,lr,interpretable,platform_survival,occlusion_context,0.3971042440741388,75,0.0
8,lr,interpretable,platform_survival,attainable_utility_upper_bound,0.5549844312996524,75,0.0
8,lr,interpretable,payload_first,score_only,0.44803917717612624,75,0.0
8,lr,interpretable,payload_first,channel_context_reference,0.41120718022268943,75,0.0
8,lr,interpretable,payload_first,native_explanation_context,0.378483257562269,75,0.0
8,lr,interpretable,payload_first,occlusion_context,0.34173531125726603,75,0.0
8,lr,interpretable,payload_first,attainable_utility_upper_bound,0.5667790221412669,75,0.0
8,dtree,interpretable,uniform,score_only,0.05014348759342999,11,1.0
8,dtree,interpretable,uniform,channel_context_reference,0.05014348759342999,11,1.0
8,dtree,interpretable,uniform,native_explanation_context,0.05014348759342999,11,1.0
8,dtree,interpretable,uniform,occlusion_context,0.05014348759342999,11,1.0
8,dtree,interpretable,uniform,attainable_utility_upper_bound,0.0761849695771617,11,0.0
8,dtree,interpretable,platform_survival,score_only,0.026644491727921313,11,1.0
8,dtree,interpretable,platform_survival,channel_context_reference,0.023765021856251515,11,0.2909090909090909
8,dtree,interpretable,platform_survival,native_explanation_context,0.0286722061202234,11,0.2909090909090909
8,dtree,interpretable,platform_survival,occlusion_context,0.03170329604855014,11,0.5636363636363636
8,dtree,interpretable,platform_survival,attainable_utility_upper_bound,0.04606799127190896,11,0.0
8,dtree,interpretable,payload_first,score_only,0.05546283859087394,11,1.0
8,dtree,interpretable,payload_first,channel_context_reference,0.10640156476230749,11,0.4
8,dtree,interpretable,payload_first,native_explanation_context,0.10108007892325496,11,0.14545454545454545
8,dtree,interpretable,payload_first,occlusion_context,0.10327889270174215,11,0.5636363636363636
8,dtree,interpretable,payload_first,attainable_utility_upper_bound,0.11567663267604271,11,0.0
8,iforest,tree-ensemble,uniform,score_only,0.03525801171854523,24,0.0
8,iforest,tree-ensemble,uniform,channel_context_reference,0.03525801171854523,24,0.0
8,iforest,tree-ensemble,uniform,native_explanation_context,0.03525801171854523,24,0.0
8,iforest,tree-ensemble,uniform,occlusion_context,0.03525801171854523,24,0.0
8,iforest,tree-ensemble,uniform,attainable_utility_upper_bound,0.13842332756841624,24,0.0
8,iforest,tree-ensemble,platform_survival,score_only,0.04422119990668362,24,0.0
8,iforest,tree-ensemble,platform_survival,channel_context_reference,0.11924441596960028,24,0.0
8,iforest,tree-ensemble,platform_survival,native_explanation_context,0.0361594909358331,24,0.0
8,iforest,tree-ensemble,platform_survival,occlusion_context,0.04523108685261031,24,0.0
8,iforest,tree-ensemble,platform_survival,attainable_utility_upper_bound,0.1690110267320687,24,0.0
8,iforest,tree-ensemble,payload_first,score_only,0.030737197934827952,24,0.0
8,iforest,tree-ensemble,payload_first,channel_context_reference,0.08581033154730261,24,0.0
8,iforest,tree-ensemble,payload_first,native_explanation_context,0.017483739948234687,24,0.0
8,iforest,tree-ensemble,payload_first,occlusion_context,0.0,24,0.0
8,iforest,tree-ensemble,payload_first,attainable_utility_upper_bound,0.162622427949624,24,0.0
8,hgb,tree-ensemble,uniform,score_only,0.3486942667355512,61,0.0
8,hgb,tree-ensemble,uniform,channel_context_reference,0.3486942667355512,61,0.0
8,hgb,tree-ensemble,uniform,native_explanation_context,0.3486942667355512,61,0.0
8,hgb,tree-ensemble,uniform,occlusion_context,0.3486942667355512,61,0.0
8,hgb,tree-ensemble,uniform,attainable_utility_upper_bound,0.42980369821573605,61,0.0
8,hgb,tree-ensemble,platform_survival,score_only,0.31307511034288593,61,0.0
8,hgb,tree-ensemble,platform_survival,channel_context_reference,0.37043900666298685,61,0.0
8,hgb,tree-ensemble,platform_survival,native_explanation_context,0.35090177932412414,61,0.0
8,hgb,tree-ensemble,platform_survival,occlusion_context,0.34078495126719055,61,0.0
8,hgb,tree-ensemble,platform_survival,attainable_utility_upper_bound,0.45775626414878867,61,0.0
8,hgb,tree-ensemble,payload_first,score_only,0.3674776415199008,61,0.0
8,hgb,tree-ensemble,payload_first,channel_context_reference,0.38547306302081125,61,0.0
8,hgb,tree-ensemble,payload_first,native_explanation_context,0.38128783203389593,61,0.0
8,hgb,tree-ensemble,payload_first,occlusion_context,0.3707333675877932,61,0.0
8,hgb,tree-ensemble,payload_first,attainable_utility_upper_bound,0.4757624581857797,61,0.0
8,pca,reconstruction,uniform,score_only,0.4067883520957006,72,0.0
8,pca,reconstruction,uniform,channel_context_reference,0.4067883520957006,72,0.0
8,pca,reconstruction,uniform,native_explanation_context,0.4067883520957006,72,0.0
8,pca,reconstruction,uniform,occlusion_context,0.4067883520957006,72,0.0
8,pca,reconstruction,uniform,attainable_utility_upper_bound,0.5150629614252489,72,0.0
8,pca,reconstruction,platform_survival,score_only,0.4240622901300893,72,0.0
8,pca,reconstruction,platform_survival,channel_context_reference,0.478740474727128,72,0.0
8,pca,reconstruction,platform_survival,native_explanation_context,0.457131722486636,72,0.0
8,pca,reconstruction,platform_survival,occlusion_context,0.45431941831623474,72,0.0
8,pca,reconstruction,platform_survival,attainable_utility_upper_bound,0.5669453073115384,72,0.0
8,pca,reconstruction,payload_first,score_only,0.4950678871070731,72,0.0
8,pca,reconstruction,payload_first,channel_context_reference,0.45773591077515996,72,0.0
8,pca,reconstruction,payload_first,native_explanation_context,0.2392430263344202,72,0.0
8,pca,reconstruction,payload_first,occlusion_context,0.2316069519831361,72,0.0
8,pca,reconstruction,payload_first,attainable_utility_upper_bound,0.5783375418024264,72,0.0
8,ae,reconstruction,uniform,score_only,0.40902995223756655,73,0.0
8,ae,reconstruction,uniform,channel_context_reference,0.40902995223756655,73,0.0
8,ae,reconstruction,uniform,native_explanation_context,0.40902995223756655,73,0.0
8,ae,reconstruction,uniform,occlusion_context,0.40902995223756655,73,0.0
8,ae,reconstruction,uniform,attainable_utility_upper_bound,0.5189395272627199,73,0.0
8,ae,reconstruction,platform_survival,score_only,0.42773371777065183,73,0.0
8,ae,reconstruction,platform_survival,channel_context_reference,0.48173885651827686,73,0.0
8,ae,reconstruction,platform_survival,native_explanation_context,0.43549080479535157,73,0.0
8,ae,reconstruction,platform_survival,occlusion_context,0.4528675033516212,73,0.0
8,ae,reconstruction,platform_survival,attainable_utility_upper_bound,0.5697910333208724,73,0.0
8,ae,reconstruction,payload_first,score_only,0.4970450391489387,73,0.0
8,ae,reconstruction,payload_first,channel_context_reference,0.46575813000864646,73,0.0
8,ae,reconstruction,payload_first,native_explanation_context,0.24083084900643498,73,0.0
8,ae,reconstruction,payload_first,occlusion_context,0.25265250236464465,73,0.0
8,ae,reconstruction,payload_first,attainable_utility_upper_bound,0.5816992875598068,73,0.0
9,lr,interpretable,uniform,score_only,0.5319415518630897,91,0.003663003663003663
9,lr,interpretable,uniform,channel_context_reference,0.5319415518630897,91,0.003663003663003663
9,lr,interpretable,uniform,native_explanation_context,0.5308146242297395,91,0.0004884004884004884
9,lr,interpretable,uniform,occlusion_context,0.5307165966953101,91,0.002442002442002442
9,lr,interpretable,uniform,attainable_utility_upper_bound,0.579587579172702,91,0.0
9,lr,interpretable,platform_survival,score_only,0.5221655447601644,91,0.003663003663003663
9,lr,interpretable,platform_survival,channel_context_reference,0.5129231844457292,91,0.0014652014652014652
9,lr,interpretable,platform_survival,native_explanation_context,0.5162529430384755,91,0.0
9,lr,interpretable,platform_survival,occlusion_context,0.48905765404965473,91,0.0
9,lr,interpretable,platform_survival,attainable_utility_upper_bound,0.630470999019932,91,0.0
9,lr,interpretable,payload_first,score_only,0.6009839355358527,91,0.003663003663003663
9,lr,interpretable,payload_first,channel_context_reference,0.5641107544443852,91,0.0004884004884004884
9,lr,interpretable,payload_first,native_explanation_context,0.5288786709171719,91,0.0
9,lr,interpretable,payload_first,occlusion_context,0.5063116827747196,91,0.0
9,lr,interpretable,payload_first,attainable_utility_upper_bound,0.6663403207487592,91,0.0
9,dtree,interpretable,uniform,score_only,0.22700919296279376,57,0.20426065162907267
9,dtree,interpretable,uniform,channel_context_reference,0.22700919296279376,57,0.20426065162907267
9,dtree,interpretable,uniform,native_explanation_context,0.2334517176329592,57,0.13220551378446116
9,dtree,interpretable,uniform,occlusion_context,0.21817446235228583,57,0.15914786967418545
9,dtree,interpretable,uniform,attainable_utility_upper_bound,0.3675690550976031,57,0.0
9,dtree,interpretable,platform_survival,score_only,0.1960212526337081,57,0.20426065162907267
9,dtree,interpretable,platform_survival,channel_context_reference,0.19968673411918264,57,0.046365914786967416
9,dtree,interpretable,platform_survival,native_explanation_context,0.20754644694583732,57,0.006892230576441102
9,dtree,interpretable,platform_survival,occlusion_context,0.20824911752420902,57,0.040100250626566414
9,dtree,interpretable,platform_survival,attainable_utility_upper_bound,0.3265310946558601,57,0.0
9,dtree,interpretable,payload_first,score_only,0.3581915467771297,57,0.20426065162907267
9,dtree,interpretable,payload_first,channel_context_reference,0.43973142546019384,57,0.05451127819548872
9,dtree,interpretable,payload_first,native_explanation_context,0.38955313452302903,57,0.005639097744360902
9,dtree,interpretable,payload_first,occlusion_context,0.3689521337015297,57,0.03822055137844611
9,dtree,interpretable,payload_first,attainable_utility_upper_bound,0.524328229293369,57,0.0
9,iforest,tree-ensemble,uniform,score_only,0.1378453641943022,54,0.0
9,iforest,tree-ensemble,uniform,channel_context_reference,0.1378453641943022,54,0.0
9,iforest,tree-ensemble,uniform,native_explanation_context,0.1378453641943022,54,0.0
9,iforest,tree-ensemble,uniform,occlusion_context,0.1378453641943022,54,0.0
9,iforest,tree-ensemble,uniform,attainable_utility_upper_bound,0.3212760455352218,54,0.0
9,iforest,tree-ensemble,platform_survival,score_only,0.11990729249634542,54,0.0
9,iforest,tree-ensemble,platform_survival,channel_context_reference,0.17497670175633354,54,0.0
9,iforest,tree-ensemble,platform_survival,native_explanation_context,0.12275561001276285,54,0.0
9,iforest,tree-ensemble,platform_survival,occlusion_context,0.17051093273041726,54,0.0
9,iforest,tree-ensemble,platform_survival,attainable_utility_upper_bound,0.3293285442798809,54,0.0
9,iforest,tree-ensemble,payload_first,score_only,0.17014008794219634,54,0.0
9,iforest,tree-ensemble,payload_first,channel_context_reference,0.3486863882787336,54,0.0
9,iforest,tree-ensemble,payload_first,native_explanation_context,0.18858917078659546,54,0.0
9,iforest,tree-ensemble,payload_first,occlusion_context,0.20225810310696618,54,0.0
9,iforest,tree-ensemble,payload_first,attainable_utility_upper_bound,0.408275990246921,54,0.0
9,hgb,tree-ensemble,uniform,score_only,0.41933640163163605,80,0.0
9,hgb,tree-ensemble,uniform,channel_context_reference,0.41933640163163605,80,0.0
9,hgb,tree-ensemble,uniform,native_explanation_context,0.41933640163163605,80,0.0
9,hgb,tree-ensemble,uniform,occlusion_context,0.41933640163163605,80,0.0
9,hgb,tree-ensemble,uniform,attainable_utility_upper_bound,0.534544575345513,80,0.0
9,hgb,tree-ensemble,platform_survival,score_only,0.4091845071056194,80,0.0
9,hgb,tree-ensemble,platform_survival,channel_context_reference,0.4491401443645862,80,0.0
9,hgb,tree-ensemble,platform_survival,native_explanation_context,0.41922308812717124,80,0.0
9,hgb,tree-ensemble,platform_survival,occlusion_context,0.4231848558665931,80,0.0
9,hgb,tree-ensemble,platform_survival,attainable_utility_upper_bound,0.5778724373705534,80,0.0
9,hgb,tree-ensemble,payload_first,score_only,0.48634956346912794,80,0.0
9,hgb,tree-ensemble,payload_first,channel_context_reference,0.5310578939521762,80,0.0
9,hgb,tree-ensemble,payload_first,native_explanation_context,0.48383411171891666,80,0.0
9,hgb,tree-ensemble,payload_first,occlusion_context,0.4795556861710473,80,0.0
9,hgb,tree-ensemble,payload_first,attainable_utility_upper_bound,0.6237210209797489,80,0.0
9,pca,reconstruction,uniform,score_only,0.44897012342646914,74,0.0
9,pca,reconstruction,uniform,channel_context_reference,0.44897012342646914,74,0.0
9,pca,reconstruction,uniform,native_explanation_context,0.44897012342646914,74,0.0
9,pca,reconstruction,uniform,occlusion_context,0.44897012342646914,74,0.0
9,pca,reconstruction,uniform,attainable_utility_upper_bound,0.5255353110438586,74,0.0
9,pca,reconstruction,platform_survival,score_only,0.4243870026065319,74,0.0
9,pca,reconstruction,platform_survival,channel_context_reference,0.492390583334774,74,0.0
9,pca,reconstruction,platform_survival,native_explanation_context,0.4986175978029461,74,0.0
9,pca,reconstruction,platform_survival,occlusion_context,0.496860146118838,74,0.0
9,pca,reconstruction,platform_survival,attainable_utility_upper_bound,0.5872942547773399,74,0.0
9,pca,reconstruction,payload_first,score_only,0.5690313472475125,74,0.0
9,pca,reconstruction,payload_first,channel_context_reference,0.547859505189466,74,0.0
9,pca,reconstruction,payload_first,native_explanation_context,0.34000703978129393,74,0.0
9,pca,reconstruction,payload_first,occlusion_context,0.42692278990564464,74,0.0
9,pca,reconstruction,payload_first,attainable_utility_upper_bound,0.6194151177763321,74,0.0
9,ae,reconstruction,uniform,score_only,0.46582584266744953,77,0.0
9,ae,reconstruction,uniform,channel_context_reference,0.46582584266744953,77,0.0
9,ae,reconstruction,uniform,native_explanation_context,0.46582584266744953,77,0.0
9,ae,reconstruction,uniform,occlusion_context,0.46582584266744953,77,0.0
9,ae,reconstruction,uniform,attainable_utility_upper_bound,0.5416976881055343,77,0.0
9,ae,reconstruction,platform_survival,score_only,0.4484878489907724,77,0.0
9,ae,reconstruction,platform_survival,channel_context_reference,0.49216468318432904,77,0.0
9,ae,reconstruction,platform_survival,native_explanation_context,0.5124271694628254,77,0.0
9,ae,reconstruction,platform_survival,occlusion_context,0.5111995770692521,77,0.0
9,ae,reconstruction,platform_survival,attainable_utility_upper_bound,0.6010373381680036,77,0.0
9,ae,reconstruction,payload_first,score_only,0.5795080238198553,77,0.0
9,ae,reconstruction,payload_first,channel_context_reference,0.5412873911369438,77,0.0
9,ae,reconstruction,payload_first,native_explanation_context,0.295859672294414,77,0.0
9,ae,reconstruction,payload_first,occlusion_context,0.42882002931172764,77,0.0
9,ae,reconstruction,payload_first,attainable_utility_upper_bound,0.6304067755375325,77,0.0
