model,seed,label_fraction,label_pos,label_neg,auroc,ap,prec_ev,rec_ev,f1_ev,f1_pa,n_episodes
lr,0,0.1,71,423,0.49898723421073427,0.31783827174280566,0.68,0.3888888888888889,0.49480249480249483,0.5885769603097774,25
lr,0,0.25,177,1058,0.4748969119700682,0.26623111037480196,1.0,0.3611111111111111,0.5306122448979591,0.5784797630799605,17
lr,0,0.5,354,2115,0.4704025373488262,0.3462823899260181,0.9565217391304348,0.3888888888888889,0.5529622980251347,0.6027131782945736,23
lr,0,1.0,707,4230,0.4537958132426949,0.3301357276707167,0.8571428571428571,0.5,0.631578947368421,0.7128888888888889,28
dtree,0,0.1,71,423,0.5534037164387531,0.23025427858272662,0.5238095238095238,0.25,0.3384615384615385,0.48,21
dtree,0,0.25,177,1058,0.5716269135509708,0.26524617731768196,0.5625,0.3333333333333333,0.4186046511627907,0.5758157389635317,32
dtree,0,0.5,354,2115,0.5467575027007089,0.22236862269208235,0.7692307692307693,0.2222222222222222,0.3448275862068966,0.420937840785169,13
dtree,0,1.0,707,4230,0.5472131649671963,0.22664241250205402,0.5882352941176471,0.2222222222222222,0.3225806451612903,0.4186550976138829,17
hgb,0,0.1,71,423,0.460161581429663,0.15513847541369646,0.3076923076923077,0.1111111111111111,0.163265306122449,0.22884386174016688,26
hgb,0,0.25,177,1058,0.592966300424209,0.2966559339120017,0.3333333333333333,0.25,0.28571428571428575,0.47129909365558914,45
hgb,0,0.5,354,2115,0.6505948146391589,0.4137514591600877,0.6086956521739131,0.4722222222222222,0.5318435754189943,0.6873889875666074,46
hgb,0,1.0,707,4230,0.6779147893447157,0.4935029147411728,0.6285714285714286,0.6111111111111112,0.619718309859155,0.784155214227971,70
lr,1,0.1,70,424,0.6444076860328107,0.5243758261765294,0.9111111111111111,0.6388888888888888,0.7510951812027081,0.8304821150855365,45
lr,1,0.25,175,1059,0.6725661683323908,0.5164120813801705,0.5421686746987951,0.6111111111111112,0.5745792222867092,0.7720644666155028,83
lr,1,0.5,350,2118,0.61246829294447,0.47885215472901776,0.660377358490566,0.6111111111111112,0.6347897774113767,0.806774441878368,53
lr,1,1.0,700,4237,0.6589415492319457,0.5255473412138405,0.8947368421052632,0.5555555555555556,0.685483870967742,0.7699836867862968,38
dtree,1,0.1,70,424,0.5764353865420383,0.261973497471194,0.8571428571428571,0.1388888888888889,0.2390438247011952,0.3370288248337029,7
dtree,1,0.25,175,1059,0.558869167146448,0.24839817992354285,0.4,0.16666666666666666,0.23529411764705882,0.3702127659574468,20
dtree,1,0.5,350,2118,0.6173912641078046,0.32333747234358123,0.5476190476190477,0.3611111111111111,0.43522561863173215,0.6214788732394366,42
dtree,1,1.0,700,4237,0.5903472361404902,0.3010615228583578,0.6,0.25,0.35294117647058826,0.503921568627451,25
hgb,1,0.1,70,424,0.5968978467925289,0.274736680472047,0.4230769230769231,0.25,0.3142857142857143,0.4918347742555236,52
hgb,1,0.25,175,1059,0.6079600507057572,0.3229784967491557,0.34146341463414637,0.4166666666666667,0.37533512064343166,0.5925925925925926,82
hgb,1,0.5,350,2118,0.7105686780886533,0.48589921149349324,0.5409836065573771,0.5833333333333334,0.5613608748481167,0.7099918765231519,61
hgb,1,1.0,700,4237,0.7900593992669879,0.6475357090230918,0.6410256410256411,0.8888888888888888,0.7448789571694601,0.9343263371699391,78
lr,2,0.1,72,421,0.6135159900845062,0.3440436156311051,0.5952380952380952,0.5277777777777778,0.5594817432273264,0.6303142329020333,42
lr,2,0.25,181,1054,0.6260672350275418,0.4441161274676406,0.5806451612903226,0.6944444444444444,0.6324666198172874,0.7775061124694376,62
lr,2,0.5,362,2107,0.6297183614639413,0.46625726551754454,0.4861111111111111,0.7222222222222222,0.5810983397190295,0.7874396135265701,72
lr,2,1.0,723,4214,0.6029518610944307,0.42733422284697553,0.4915254237288136,0.6666666666666666,0.5658536585365854,0.7737809752198241,59
dtree,2,0.1,72,421,0.6286740693488923,0.2726799231783782,0.65,0.2222222222222222,0.33121019108280253,0.40371229698375877,20
dtree,2,0.25,181,1054,0.5725134558017344,0.22709265482228425,0.391304347826087,0.25,0.3050847457627119,0.412348401323043,23
dtree,2,0.5,362,2107,0.5949587235359997,0.2607178663373139,0.30434782608695654,0.3611111111111111,0.3303085299455535,0.5163147792706334,46
dtree,2,1.0,723,4214,0.5966464561251863,0.26172632726111916,0.3611111111111111,0.3611111111111111,0.3611111111111111,0.5484764542936288,36
hgb,2,0.1,72,421,0.6005484827895257,0.20117455410083307,0.20967741935483872,0.2222222222222222,0.2157676348547718,0.36699239956568946,62
hgb,2,0.25,181,1054,0.686125719541682,0.39064348558430056,0.36904761904761907,0.5,0.4246575342465754,0.627208480565371,84
hgb,2,0.5,362,2107,0.7752865526481834,0.52251686028163,0.4482758620689655,0.5555555555555556,0.4961832061068703,0.729965156794425,58
hgb,2,1.0,723,4214,0.7961595815489807,0.5745126086271194,0.4117647058823529,0.7222222222222222,0.5244956772334294,0.786144578313253,102
lr,3,0.1,69,424,0.5350663241335879,0.3383018603086744,0.48936170212765956,0.5555555555555556,0.5203619909502263,0.6998284734133791,47
lr,3,0.25,174,1061,0.613383447122289,0.3932768323895726,0.4897959183673469,0.5555555555555556,0.5206073752711498,0.6842553191489362,49
lr,3,0.5,347,2122,0.5284842244857839,0.3630302863724774,0.6216216216216216,0.4722222222222222,0.5367192862045298,0.6312900274473925,37
lr,3,1.0,694,4243,0.5321294695068923,0.3648869538920694,0.6,0.5277777777777778,0.5615763546798029,0.663693131132917,40
dtree,3,0.1,69,424,0.5824556756198416,0.21358350465637707,0.0,0.0,0.0,0.0,0
dtree,3,0.25,174,1061,0.6565296201148217,0.35817608840533743,0.55,0.5,0.5238095238095238,0.6382189239332098,40
dtree,3,0.5,347,2122,0.6683083597397016,0.424491041038871,0.5555555555555556,0.4444444444444444,0.49382716049382713,0.6083720930232558,45
dtree,3,1.0,694,4243,0.6554928577854637,0.4218333870497123,0.5306122448979592,0.5277777777777778,0.5291912158543118,0.6954986760812004,49
hgb,3,0.1,69,424,0.571536434124025,0.17192289597192506,0.17073170731707318,0.1388888888888889,0.15317286652078776,0.18497109826589597,41
hgb,3,0.25,174,1061,0.6524861970498171,0.3412521703674223,0.6857142857142857,0.3055555555555556,0.42273819055244194,0.4896694214876033,35
hgb,3,0.5,347,2122,0.6762729202277777,0.4503554965460853,0.6274509803921569,0.4722222222222222,0.5388806339772164,0.6300366300366299,51
hgb,3,1.0,694,4243,0.709060466418097,0.4861938395555275,0.6071428571428571,0.5277777777777778,0.5646853146853147,0.7007042253521127,56
lr,4,0.1,70,424,0.6167774770534243,0.4272755972946022,0.5373134328358209,0.6388888888888888,0.5837151921043355,0.7727659574468085,67
lr,4,0.25,174,1060,0.719140139677188,0.5686150664465137,0.6666666666666666,0.6944444444444444,0.6802721088435373,0.8261224489795918,57
lr,4,0.5,348,2121,0.6962274297098634,0.5772458731624791,0.7058823529411765,0.7222222222222222,0.71395881006865,0.8605769230769231,51
lr,4,1.0,695,4242,0.7089540904289382,0.5861211972481519,0.7058823529411765,0.75,0.7272727272727272,0.874901652242329,51
dtree,4,0.1,70,424,0.5948793697012156,0.23045363442255482,0.2,0.3611111111111111,0.25742574257425743,0.5250965250965252,75
dtree,4,0.25,174,1060,0.609219611180743,0.32539214053955223,0.5208333333333334,0.4722222222222222,0.4953379953379954,0.6172839506172839,48
dtree,4,0.5,348,2121,0.5844894421122343,0.28100454695746707,0.4090909090909091,0.3611111111111111,0.3836065573770492,0.49385245901639346,44
dtree,4,1.0,695,4242,0.6554813512892226,0.3922874805273151,0.6904761904761905,0.5555555555555556,0.6157112526539278,0.7347670250896057,42
hgb,4,0.1,70,424,0.5586666767009474,0.16263971508467068,0.24242424242424243,0.2222222222222222,0.2318840579710145,0.38789237668161436,33
hgb,4,0.25,174,1060,0.7137876490774847,0.39513502845538623,0.49295774647887325,0.4444444444444444,0.4674457429048414,0.5790934320074005,71
hgb,4,0.5,348,2121,0.7629640626795908,0.5283095574559902,0.547945205479452,0.6944444444444444,0.6125574272588055,0.780408163265306,73
hgb,4,1.0,695,4242,0.8179814539125485,0.6492352803352676,0.4778761061946903,0.8888888888888888,0.6215827338129496,0.8909612625538019,113
