model,label_fraction,label_pos_mean,label_neg_mean,auroc_mean,auroc_sd,auroc_delta_vs_full_mean,ap_mean,ap_sd,ap_delta_vs_full_mean,prec_ev_mean,rec_ev_mean,f1_ev_mean,f1_ev_sd,f1_delta_vs_full_mean,n_episodes_mean,n_seeds
lr,0.1,70.4,423.2,0.5817509423030127,0.061625946002501264,-0.009603614397967674,0.3903670342307433,0.0857870345398011,-0.056438054343607456,0.6426048682625375,0.5499999999999999,0.5818913204574182,0.10063024407960758,-0.052461791307637486,45.2,5
lr,0.25,176.2,1058.4,0.6212107804258955,0.09181521615566786,0.02985622372491521,0.43773024361173984,0.11699413064982887,-0.009074844962610929,0.6558552842046262,0.5833333333333334,0.5877075142233286,0.06801880656606306,-0.04664559754172717,53.6,5
lr,0.5,352.2,2116.6,0.587460169190577,0.08863144088724195,-0.0038943875104033854,0.44633359394150746,0.09426308770202671,-0.00047149463284341665,0.686102836658982,0.5833333333333334,0.6039057022857441,0.07192866841494622,-0.03044740947931157,47.2,5
lr,1.0,703.8,4233.2,0.5913545567009804,0.10119556341136937,0.0,0.44680508857435086,0.10759966968166293,0.0,0.7098574951836221,0.6,0.6343531117650557,0.07287787204508894,0.0,43.2,5
dtree,0.1,70.4,423.2,0.5871696435301481,0.02765701013786589,-0.021866569731363673,0.24178896766224614,0.0245904115027557,-0.07892125837746554,0.4461904761904762,0.19444444444444448,0.23322825936395875,0.13755840753370152,-0.20307882088628712,24.6,5
dtree,0.25,176.2,1058.4,0.5937517535589436,0.03980478558082996,-0.015284459702568243,0.2848610482016798,0.05493026434185972,-0.03584917783803193,0.4849275362318841,0.34444444444444444,0.39562620674401605,0.12329390436803567,-0.04068087350622973,32.6,5
dtree,0.5,352.2,2116.6,0.6023810584392899,0.044835522396255656,-0.006655154822222009,0.3023839098738631,0.07737051406544396,-0.018326316165848566,0.5171688215166477,0.35,0.3975590905310117,0.06742446006881123,-0.038747989719234155,38.0,5
dtree,1.0,703.8,4233.2,0.6090362132615118,0.04647645617666649,0.0,0.32071022603971167,0.08376025675734491,0.0,0.5540869681205816,0.38333333333333336,0.4363070802502459,0.12879375901861453,0.0,33.8,5
hgb,0.1,70.4,423.2,0.557562204367338,0.057180619974489255,-0.20067293373092795,0.19312246420863446,0.048854681301474356,-0.37707360624780134,0.270720519973077,0.18888888888888886,0.2156751159509475,0.06449827093648994,-0.3993970826011143,42.8,5
hgb,0.25,176.2,1058.4,0.65066518335979,0.0509855392304046,-0.10756995473847594,0.3493330230136533,0.042834317347848906,-0.22086304744278254,0.44450327984165156,0.38333333333333336,0.3951781748123152,0.06933123090186916,-0.21989402373974648,63.4,5
hgb,0.5,352.2,2116.6,0.7151374056566727,0.05385716424091557,-0.043097732441593116,0.48016651698745727,0.048589671111660536,-0.09002955346897851,0.5546702613343728,0.5555555555555556,0.5481651435220006,0.04293952448016575,-0.06690705503006111,57.8,5
hgb,1.0,703.8,4233.2,0.7582351380982659,0.06101265447041668,0.0,0.5701960704564357,0.07934964370361888,0.0,0.553276147763394,0.7277777777777777,0.6150721985520617,0.08315153679037206,0.0,83.8,5
