model,seed,variant,ndcg10,p5_hisev,ndcg_gain_vs_score,p5_gain_vs_score
lr,0,score_only,0.8430472634575683,0.6,0.0,0.0
lr,0,additive_full,0.6664591638323425,0.2,-0.17658809962522581,-0.39999999999999997
lr,0,multiplicative_stability,0.7349009168483343,0.2,-0.10814634660923406,-0.39999999999999997
lr,0,score_dominant_025,0.7538778372341084,0.2,-0.08916942622345991,-0.39999999999999997
lr,0,score_dominant_050,0.7427756885162503,0.2,-0.100271574941318,-0.39999999999999997
lr,0,cutoff_gate_05,0.7319475179048882,0.2,-0.1110997455526801,-0.39999999999999997
lr,0,cutoff_gate_10,0.6664591638323425,0.2,-0.17658809962522581,-0.39999999999999997
lr,0,soft_cutoff_gate,0.7417004382955147,0.2,-0.10134682516205362,-0.39999999999999997
lr,0,stability_positive_gate,0.6884791094608241,0.2,-0.15456815399674417,-0.39999999999999997
lr,1,score_only,0.6149656038154339,0.4,0.0,0.0
lr,1,additive_full,0.6613908647562058,0.2,0.04642526094077193,-0.2
lr,1,multiplicative_stability,0.6877514546689153,0.4,0.07278585085348144,0.0
lr,1,score_dominant_025,0.6877514546689153,0.4,0.07278585085348144,0.0
lr,1,score_dominant_050,0.6624661149769413,0.2,0.04750051116150744,-0.2
lr,1,cutoff_gate_05,0.6613908647562058,0.2,0.04642526094077193,-0.2
lr,1,cutoff_gate_10,0.6613908647562058,0.2,0.04642526094077193,-0.2
lr,1,soft_cutoff_gate,0.6613908647562058,0.2,0.04642526094077193,-0.2
lr,1,stability_positive_gate,0.6613908647562058,0.2,0.04642526094077193,-0.2
lr,2,score_only,0.4998962789864046,0.0,0.0,0.0
lr,2,additive_full,0.5121400185905383,0.0,0.012243739604133663,0.0
lr,2,multiplicative_stability,0.5864974532034044,0.0,0.08660117421699981,0.0
lr,2,score_dominant_025,0.5091266354083728,0.0,0.009230356421968178,0.0
lr,2,score_dominant_050,0.5121400185905383,0.0,0.012243739604133663,0.0
lr,2,cutoff_gate_05,0.5121400185905383,0.0,0.012243739604133663,0.0
lr,2,cutoff_gate_10,0.5121400185905383,0.0,0.012243739604133663,0.0
lr,2,soft_cutoff_gate,0.5121400185905383,0.0,0.012243739604133663,0.0
lr,2,stability_positive_gate,0.5890793045212832,0.0,0.08918302553487861,0.0
lr,3,score_only,0.5356604082420435,0.0,0.0,0.0
lr,3,additive_full,0.7061279583577523,0.2,0.1704675501157088,0.2
lr,3,multiplicative_stability,0.7221922689901518,0.4,0.18653186074810824,0.4
lr,3,score_dominant_025,0.708204675896384,0.2,0.1725442676543405,0.2
lr,3,score_dominant_050,0.7061279583577523,0.2,0.1704675501157088,0.2
lr,3,cutoff_gate_05,0.7061279583577523,0.2,0.1704675501157088,0.2
lr,3,cutoff_gate_10,0.7061279583577523,0.2,0.1704675501157088,0.2
lr,3,soft_cutoff_gate,0.7061279583577523,0.2,0.1704675501157088,0.2
lr,3,stability_positive_gate,0.7963744204208181,0.2,0.26071401217877455,0.2
lr,4,score_only,0.44972787981031975,0.2,0.0,0.0
lr,4,additive_full,0.5021323760232634,0.4,0.052404496212943685,0.2
lr,4,multiplicative_stability,0.6054527079938191,0.4,0.15572482818349936,0.2
lr,4,score_dominant_025,0.5021323760232634,0.4,0.052404496212943685,0.2
lr,4,score_dominant_050,0.5021323760232634,0.4,0.052404496212943685,0.2
lr,4,cutoff_gate_05,0.5021323760232634,0.4,0.052404496212943685,0.2
lr,4,cutoff_gate_10,0.5021323760232634,0.4,0.052404496212943685,0.2
lr,4,soft_cutoff_gate,0.5021323760232634,0.4,0.052404496212943685,0.2
lr,4,stability_positive_gate,0.580135880334882,0.4,0.1304080005245622,0.2
dtree,0,score_only,0.8792906306196486,0.6,0.0,0.0
dtree,0,additive_full,0.733027798328804,0.2,-0.14626283229084458,-0.39999999999999997
dtree,0,multiplicative_stability,0.733027798328804,0.2,-0.14626283229084458,-0.39999999999999997
dtree,0,score_dominant_025,0.733027798328804,0.2,-0.14626283229084458,-0.39999999999999997
dtree,0,score_dominant_050,0.733027798328804,0.2,-0.14626283229084458,-0.39999999999999997
dtree,0,cutoff_gate_05,0.733027798328804,0.2,-0.14626283229084458,-0.39999999999999997
dtree,0,cutoff_gate_10,0.733027798328804,0.2,-0.14626283229084458,-0.39999999999999997
dtree,0,soft_cutoff_gate,0.733027798328804,0.2,-0.14626283229084458,-0.39999999999999997
dtree,0,stability_positive_gate,0.733027798328804,0.2,-0.14626283229084458,-0.39999999999999997
dtree,1,score_only,0.6310573801962868,0.2,0.0,0.0
dtree,1,additive_full,0.4933316375709704,0.0,-0.13772574262531634,-0.2
dtree,1,multiplicative_stability,0.6243352139380647,0.2,-0.006722166258222084,0.0
dtree,1,score_dominant_025,0.6008350604517121,0.2,-0.030222319744574677,0.0
dtree,1,score_dominant_050,0.4933316375709704,0.0,-0.13772574262531634,-0.2
dtree,1,cutoff_gate_05,0.6008350604517121,0.2,-0.030222319744574677,0.0
dtree,1,cutoff_gate_10,0.6008350604517121,0.2,-0.030222319744574677,0.0
dtree,1,soft_cutoff_gate,0.6008350604517121,0.2,-0.030222319744574677,0.0
dtree,1,stability_positive_gate,0.5947183510687629,0.2,-0.03633902912752385,0.0
dtree,2,score_only,0.3171817699504288,0.0,0.0,0.0
dtree,2,additive_full,0.5299411823074064,0.4,0.2127594123569776,0.4
dtree,2,multiplicative_stability,0.3171817699504288,0.0,0.0,0.0
dtree,2,score_dominant_025,0.5299411823074064,0.4,0.2127594123569776,0.4
dtree,2,score_dominant_050,0.5299411823074064,0.4,0.2127594123569776,0.4
dtree,2,cutoff_gate_05,0.5299411823074064,0.4,0.2127594123569776,0.4
dtree,2,cutoff_gate_10,0.5299411823074064,0.4,0.2127594123569776,0.4
dtree,2,soft_cutoff_gate,0.5299411823074064,0.4,0.2127594123569776,0.4
dtree,2,stability_positive_gate,0.5299411823074064,0.4,0.2127594123569776,0.4
dtree,3,score_only,0.5544146923254886,0.2,0.0,0.0
dtree,3,additive_full,0.4983619634701915,0.2,-0.05605272885529705,0.0
dtree,3,multiplicative_stability,0.46839243479057496,0.2,-0.0860222575349136,0.0
dtree,3,score_dominant_025,0.4983619634701915,0.2,-0.05605272885529705,0.0
dtree,3,score_dominant_050,0.4983619634701915,0.2,-0.05605272885529705,0.0
dtree,3,cutoff_gate_05,0.4983619634701915,0.2,-0.05605272885529705,0.0
dtree,3,cutoff_gate_10,0.4983619634701915,0.2,-0.05605272885529705,0.0
dtree,3,soft_cutoff_gate,0.4983619634701915,0.2,-0.05605272885529705,0.0
dtree,3,stability_positive_gate,0.4983619634701915,0.2,-0.05605272885529705,0.0
dtree,4,score_only,0.5365818060566564,0.2,0.0,0.0
dtree,4,additive_full,0.3201133395917284,0.0,-0.216468466464928,-0.2
dtree,4,multiplicative_stability,0.4048853552389158,0.2,-0.13169645081774062,0.0
dtree,4,score_dominant_025,0.3201133395917284,0.0,-0.216468466464928,-0.2
dtree,4,score_dominant_050,0.3201133395917284,0.0,-0.216468466464928,-0.2
dtree,4,cutoff_gate_05,0.3201133395917284,0.0,-0.216468466464928,-0.2
dtree,4,cutoff_gate_10,0.3201133395917284,0.0,-0.216468466464928,-0.2
dtree,4,soft_cutoff_gate,0.3201133395917284,0.0,-0.216468466464928,-0.2
dtree,4,stability_positive_gate,0.4048853552389158,0.2,-0.13169645081774062,0.0
iforest,0,score_only,0.05199406852873031,0.0,0.0,0.0
iforest,0,additive_full,0.4523179011353254,0.2,0.4003238326065951,0.2
iforest,0,multiplicative_stability,0.05448726923649625,0.0,0.002493200707765944,0.0
iforest,0,score_dominant_025,0.0,0.0,-0.05199406852873031,0.0
iforest,0,score_dominant_050,0.1842656488246967,0.0,0.1322715802959664,0.0
iforest,0,cutoff_gate_05,0.2403863873544308,0.2,0.18839231882570048,0.2
iforest,0,cutoff_gate_10,0.3878395960541793,0.2,0.335845527525449,0.2
iforest,0,soft_cutoff_gate,0.1828437970030669,0.0,0.1308497284743366,0.0
iforest,0,stability_positive_gate,0.3450640253104494,0.2,0.2930699567817191,0.2
iforest,1,score_only,0.21351113547122388,0.2,0.0,0.0
iforest,1,additive_full,0.23766932107395836,0.2,0.024158185602734472,0.0
iforest,1,multiplicative_stability,0.23766932107395836,0.2,0.024158185602734472,0.0
iforest,1,score_dominant_025,0.23766932107395836,0.2,0.024158185602734472,0.0
iforest,1,score_dominant_050,0.2224137574321348,0.0,0.008902621960910906,-0.2
iforest,1,cutoff_gate_05,0.30011732494248866,0.4,0.08660618947126478,0.2
iforest,1,cutoff_gate_10,0.22873535541458176,0.2,0.015224219943357875,0.0
iforest,1,soft_cutoff_gate,0.24356562574062915,0.2,0.030054490269405265,0.0
iforest,1,stability_positive_gate,0.3395400219266085,0.2,0.1260288864553846,0.0
iforest,2,score_only,0.09538985035675243,0.0,0.0,0.0
iforest,2,additive_full,0.06840769636397562,0.0,-0.026982153992776814,0.0
iforest,2,multiplicative_stability,0.09867011139070207,0.0,0.0032802610339496413,0.0
iforest,2,score_dominant_025,0.09538985035675243,0.0,0.0,0.0
iforest,2,score_dominant_050,0.09538985035675243,0.0,0.0,0.0
iforest,2,cutoff_gate_05,0.09365719063708836,0.0,-0.0017326597196640758,0.0
iforest,2,cutoff_gate_10,0.16435877748074862,0.0,0.06896892712399619,0.0
iforest,2,soft_cutoff_gate,0.09538985035675243,0.0,0.0,0.0
iforest,2,stability_positive_gate,0.06840769636397562,0.0,-0.026982153992776814,0.0
iforest,3,score_only,0.04165067480169971,0.0,0.0,0.0
iforest,3,additive_full,0.1711060733992389,0.2,0.12945539859753918,0.2
iforest,3,multiplicative_stability,0.04165067480169971,0.0,0.0,0.0
iforest,3,score_dominant_025,0.0709268006424402,0.0,0.029276125840740484,0.0
iforest,3,score_dominant_050,0.17490081118738754,0.0,0.13325013638568783,0.0
iforest,3,cutoff_gate_05,0.03582986617728099,0.0,-0.005820808624418722,0.0
iforest,3,cutoff_gate_10,0.01817196141488464,0.0,-0.02347871338681507,0.0
iforest,3,soft_cutoff_gate,0.02108962285891769,0.0,-0.020561051942782023,0.0
iforest,3,stability_positive_gate,0.1640382764102101,0.2,0.1223876016085104,0.2
iforest,4,score_only,0.2784591316562477,0.0,0.0,0.0
iforest,4,additive_full,0.41026246528700044,0.2,0.13180333363075275,0.2
iforest,4,multiplicative_stability,0.29463531248894,0.0,0.01617618083269229,0.0
iforest,4,score_dominant_025,0.14406458365300412,0.0,-0.13439454800324357,0.0
iforest,4,score_dominant_050,0.136857823817776,0.0,-0.1416013078384717,0.0
iforest,4,cutoff_gate_05,0.19020680277749974,0.0,-0.08825232887874795,0.0
iforest,4,cutoff_gate_10,0.12564338174637948,0.0,-0.1528157499098682,0.0
iforest,4,soft_cutoff_gate,0.04188112724879316,0.0,-0.23657800440745452,0.0
iforest,4,stability_positive_gate,0.41207611256624377,0.2,0.13361698090999607,0.2
hgb,0,score_only,0.810917964441095,0.8,0.0,0.0
hgb,0,additive_full,0.6051840548186919,0.2,-0.20573390962240312,-0.6000000000000001
hgb,0,multiplicative_stability,0.6739103252342932,0.4,-0.1370076392068018,-0.4
hgb,0,score_dominant_025,0.689329967492823,0.4,-0.12158799694827194,-0.4
hgb,0,score_dominant_050,0.6245247011834733,0.2,-0.18639326325762173,-0.6000000000000001
hgb,0,cutoff_gate_05,0.6095724191091695,0.2,-0.2013455453319255,-0.6000000000000001
hgb,0,cutoff_gate_10,0.6051840548186919,0.2,-0.20573390962240312,-0.6000000000000001
hgb,0,soft_cutoff_gate,0.6126798008948506,0.2,-0.19823816354624435,-0.6000000000000001
hgb,0,stability_positive_gate,0.5642895411663831,0.2,-0.2466284232747119,-0.6000000000000001
hgb,1,score_only,0.6075422222315499,0.0,0.0,0.0
hgb,1,additive_full,0.5497139438227693,0.4,-0.057828278408780576,0.4
hgb,1,multiplicative_stability,0.7355706876627621,0.4,0.12802846543121227,0.4
hgb,1,score_dominant_025,0.5319818669761293,0.2,-0.0755603552554206,0.2
hgb,1,score_dominant_050,0.5451483766348313,0.2,-0.06239384559671857,0.2
hgb,1,cutoff_gate_05,0.5497139438227693,0.4,-0.057828278408780576,0.4
hgb,1,cutoff_gate_10,0.5497139438227693,0.4,-0.057828278408780576,0.4
hgb,1,soft_cutoff_gate,0.5497139438227693,0.4,-0.057828278408780576,0.4
hgb,1,stability_positive_gate,0.5586631769504288,0.4,-0.04887904528112108,0.4
hgb,2,score_only,0.8221164873685541,0.6,0.0,0.0
hgb,2,additive_full,0.5453302466472497,0.2,-0.2767862407213044,-0.39999999999999997
hgb,2,multiplicative_stability,0.6692174836302441,0.4,-0.15289900373831,-0.19999999999999996
hgb,2,score_dominant_025,0.6865368083080025,0.4,-0.13557967906055168,-0.19999999999999996
hgb,2,score_dominant_050,0.6019559222985648,0.4,-0.22016056506998938,-0.19999999999999996
hgb,2,cutoff_gate_05,0.5961872288200493,0.4,-0.22592925854850487,-0.19999999999999996
hgb,2,cutoff_gate_10,0.5453302466472497,0.2,-0.2767862407213044,-0.39999999999999997
hgb,2,soft_cutoff_gate,0.5893099535007922,0.4,-0.23280653386776196,-0.19999999999999996
hgb,2,stability_positive_gate,0.4946486923481554,0.4,-0.32746779502039874,-0.19999999999999996
hgb,3,score_only,0.6650171023744985,0.4,0.0,0.0
hgb,3,additive_full,0.5286482176850124,0.0,-0.13636888468948616,-0.4
hgb,3,multiplicative_stability,0.592285881297937,0.2,-0.07273122107656149,-0.2
hgb,3,score_dominant_025,0.6359521742237301,0.2,-0.029064928150768443,-0.2
hgb,3,score_dominant_050,0.6272065765953098,0.2,-0.03781052577918875,-0.2
hgb,3,cutoff_gate_05,0.5006385148280984,0.2,-0.1643785875464001,-0.2
hgb,3,cutoff_gate_10,0.5022513901592017,0.2,-0.1627657122152968,-0.2
hgb,3,soft_cutoff_gate,0.504046248651864,0.2,-0.16097085372263453,-0.2
hgb,3,stability_positive_gate,0.5343323654182472,0.2,-0.13068473695625127,-0.2
hgb,4,score_only,0.5553599730435215,0.2,0.0,0.0
hgb,4,additive_full,0.4815190040607105,0.0,-0.07384096898281095,-0.2
hgb,4,multiplicative_stability,0.6391582347217966,0.4,0.08379826167827509,0.2
hgb,4,score_dominant_025,0.5471165655520825,0.2,-0.008243407491438925,0.0
hgb,4,score_dominant_050,0.493969616607562,0.2,-0.06139035643595947,0.0
hgb,4,cutoff_gate_05,0.5165202379970711,0.2,-0.03883973504645033,0.0
hgb,4,cutoff_gate_10,0.4815190040607105,0.0,-0.07384096898281095,-0.2
hgb,4,soft_cutoff_gate,0.529587903678544,0.2,-0.025772069364977446,0.0
hgb,4,stability_positive_gate,0.4815190040607105,0.0,-0.07384096898281095,-0.2
pca,0,score_only,0.6283878795385343,0.2,0.0,0.0
pca,0,additive_full,0.6519689199917782,0.2,0.02358104045324394,0.0
pca,0,multiplicative_stability,0.6238223123505963,0.0,-0.004565567187937991,-0.2
pca,0,score_dominant_025,0.5847978340889911,0.2,-0.04359004544954315,0.0
pca,0,score_dominant_050,0.587918937928037,0.2,-0.0404689416104973,0.0
pca,0,cutoff_gate_05,0.6452444844486188,0.2,0.01685660491008456,0.0
pca,0,cutoff_gate_10,0.523756987409946,0.2,-0.10463089212858823,0.0
pca,0,soft_cutoff_gate,0.6021797697919917,0.2,-0.02620810974654253,0.0
pca,0,stability_positive_gate,0.44668986984896614,0.2,-0.18169800968956812,0.0
pca,1,score_only,0.6326659505453629,0.4,0.0,0.0
pca,1,additive_full,0.6257362805969443,0.6,-0.006929669948418593,0.19999999999999996
pca,1,multiplicative_stability,0.6342914024545547,0.4,0.001625451909191833,0.0
pca,1,score_dominant_025,0.6772015723135919,0.4,0.044535621768229006,0.0
pca,1,score_dominant_050,0.6685917531291173,0.6,0.03592580258375444,0.19999999999999996
pca,1,cutoff_gate_05,0.68741355804608,0.6,0.054747607500717055,0.19999999999999996
pca,1,cutoff_gate_10,0.6257362805969443,0.6,-0.006929669948418593,0.19999999999999996
pca,1,soft_cutoff_gate,0.6666307942492531,0.6,0.03396484370389019,0.19999999999999996
pca,1,stability_positive_gate,0.5731828552414663,0.4,-0.059483095303896616,0.0
pca,2,score_only,0.5514860398229908,0.2,0.0,0.0
pca,2,additive_full,0.30087419303323915,0.0,-0.2506118467897517,-0.2
pca,2,multiplicative_stability,0.5480783059992252,0.2,-0.0034077338237655797,0.0
pca,2,score_dominant_025,0.30087419303323915,0.0,-0.2506118467897517,-0.2
pca,2,score_dominant_050,0.30087419303323915,0.0,-0.2506118467897517,-0.2
pca,2,cutoff_gate_05,0.30087419303323915,0.0,-0.2506118467897517,-0.2
pca,2,cutoff_gate_10,0.30087419303323915,0.0,-0.2506118467897517,-0.2
pca,2,soft_cutoff_gate,0.30087419303323915,0.0,-0.2506118467897517,-0.2
pca,2,stability_positive_gate,0.30087419303323915,0.0,-0.2506118467897517,-0.2
pca,3,score_only,0.5359103188621318,0.0,0.0,0.0
pca,3,additive_full,0.4382512604273509,0.2,-0.0976590584347809,0.2
pca,3,multiplicative_stability,0.5417331194323642,0.2,0.005822800570232434,0.2
pca,3,score_dominant_025,0.4382512604273509,0.2,-0.0976590584347809,0.2
pca,3,score_dominant_050,0.4382512604273509,0.2,-0.0976590584347809,0.2
pca,3,cutoff_gate_05,0.4382512604273509,0.2,-0.0976590584347809,0.2
pca,3,cutoff_gate_10,0.4382512604273509,0.2,-0.0976590584347809,0.2
pca,3,soft_cutoff_gate,0.4382512604273509,0.2,-0.0976590584347809,0.2
pca,3,stability_positive_gate,0.4382512604273509,0.2,-0.0976590584347809,0.2
pca,4,score_only,0.45210627326830344,0.2,0.0,0.0
pca,4,additive_full,0.24611941560874992,0.0,-0.20598685765955352,-0.2
pca,4,multiplicative_stability,0.45210627326830344,0.2,0.0,0.0
pca,4,score_dominant_025,0.2430094376953608,0.0,-0.20909683557294265,-0.2
pca,4,score_dominant_050,0.2430094376953608,0.0,-0.20909683557294265,-0.2
pca,4,cutoff_gate_05,0.27441537558976603,0.0,-0.1776908976785374,-0.2
pca,4,cutoff_gate_10,0.27441537558976603,0.0,-0.1776908976785374,-0.2
pca,4,soft_cutoff_gate,0.25202822751425585,0.0,-0.20007804575404758,-0.2
pca,4,stability_positive_gate,0.24611941560874992,0.0,-0.20598685765955352,-0.2
ae,0,score_only,0.6283878795385343,0.2,0.0,0.0
ae,0,additive_full,0.5406595371460201,0.2,-0.08772834239251415,0.0
ae,0,multiplicative_stability,0.6349167172013456,0.2,0.006528837662811315,0.0
ae,0,score_dominant_025,0.5835406007066967,0.2,-0.04484727883183759,0.0
ae,0,score_dominant_050,0.5430716590961995,0.2,-0.08531622044233478,0.0
ae,0,cutoff_gate_05,0.5551819905186832,0.2,-0.07320588901985103,0.0
ae,0,cutoff_gate_10,0.5183080126985493,0.4,-0.11007986683998494,0.2
ae,0,soft_cutoff_gate,0.5585897243424487,0.2,-0.06979815519608557,0.0
ae,0,stability_positive_gate,0.5406595371460201,0.2,-0.08772834239251415,0.0
ae,1,score_only,0.6040250494402495,0.4,0.0,0.0
ae,1,additive_full,0.571221896361602,0.2,-0.03280315307864745,-0.2
ae,1,multiplicative_stability,0.5980716527595571,0.4,-0.005953396680692391,0.0
ae,1,score_dominant_025,0.5939084871325465,0.2,-0.01011656230770297,-0.2
ae,1,score_dominant_050,0.6165499261039397,0.2,0.012524876663690176,-0.2
ae,1,cutoff_gate_05,0.6601648855847834,0.4,0.05613983614453388,0.0
ae,1,cutoff_gate_10,0.6440345070774111,0.2,0.04000945763716157,-0.2
ae,1,soft_cutoff_gate,0.6341622344878013,0.4,0.030137185047551807,0.0
ae,1,stability_positive_gate,0.571221896361602,0.2,-0.03280315307864745,-0.2
ae,2,score_only,0.5435127388112873,0.0,0.0,0.0
ae,2,additive_full,0.4552770804649451,0.0,-0.08823565834634217,0.0
ae,2,multiplicative_stability,0.5435127388112873,0.0,0.0,0.0
ae,2,score_dominant_025,0.46458730460805653,0.2,-0.07892543420323073,0.2
ae,2,score_dominant_050,0.4552770804649451,0.0,-0.08823565834634217,0.0
ae,2,cutoff_gate_05,0.46503000085557167,0.0,-0.07848273795571559,0.0
ae,2,cutoff_gate_10,0.46503000085557167,0.0,-0.07848273795571559,0.0
ae,2,soft_cutoff_gate,0.46503000085557167,0.0,-0.07848273795571559,0.0
ae,2,stability_positive_gate,0.46503000085557167,0.0,-0.07848273795571559,0.0
ae,3,score_only,0.5337598184206607,0.0,0.0,0.0
ae,3,additive_full,0.3168593479361779,0.0,-0.21690047048448274,0.0
ae,3,multiplicative_stability,0.4886655737650227,0.2,-0.045094244655637994,0.2
ae,3,score_dominant_025,0.3168593479361779,0.0,-0.21690047048448274,0.0
ae,3,score_dominant_050,0.3168593479361779,0.0,-0.21690047048448274,0.0
ae,3,cutoff_gate_05,0.3168593479361779,0.0,-0.21690047048448274,0.0
ae,3,cutoff_gate_10,0.3168593479361779,0.0,-0.21690047048448274,0.0
ae,3,soft_cutoff_gate,0.3168593479361779,0.0,-0.21690047048448274,0.0
ae,3,stability_positive_gate,0.3168593479361779,0.0,-0.21690047048448274,0.0
ae,4,score_only,0.44451019221257587,0.0,0.0,0.0
ae,4,additive_full,0.27647381068346033,0.0,-0.16803638152911554,0.0
ae,4,multiplicative_stability,0.4407632024047315,0.0,-0.003746989807844381,0.0
ae,4,score_dominant_025,0.2783408763451852,0.0,-0.1661693158673907,0.0
ae,4,score_dominant_050,0.2783408763451852,0.0,-0.1661693158673907,0.0
ae,4,cutoff_gate_05,0.28341597477875835,0.0,-0.16109421743381752,0.0
ae,4,cutoff_gate_10,0.28341597477875835,0.0,-0.16109421743381752,0.0
ae,4,soft_cutoff_gate,0.2845033668881884,0.0,-0.16000682532438748,0.0
ae,4,stability_positive_gate,0.28341597477875835,0.0,-0.16109421743381752,0.0
