model,seed,ndcg_gain_add,p5_gain_add,ndcg_gain_add_minus_mult,dedup_gain_add,dedup_gain_mult
lr,0,-0.17658809962522581,-0.39999999999999997,-0.06844175301599176,-0.15550138334071495,-0.07584781061676382
lr,1,0.04642526094077193,-0.2,-0.02636058991270951,0.09105815287748797,0.1188960306396214
lr,2,0.012243739604133663,0.0,-0.07435743461286615,0.012243739604133663,0.08660117421699981
lr,3,0.1704675501157088,0.2,-0.016064310632399437,0.12724271547424892,0.15289640162423013
lr,4,0.052404496212943685,0.2,-0.10332033197055568,0.04119267650498426,0.15572482818349936
dtree,0,-0.14626283229084458,-0.39999999999999997,0.0,-0.12733559446280351,-0.12733559446280351
dtree,1,-0.13772574262531634,-0.2,-0.13100357636709425,-0.09484966328637712,-0.013361613119596605
dtree,2,0.2127594123569776,0.4,0.2127594123569776,0.2127594123569776,0.0
dtree,3,-0.05605272885529705,0.0,0.029969528679616553,-0.07386526108307723,-0.12031731795508444
dtree,4,-0.216468466464928,-0.2,-0.0847720156471874,-0.17334748588332133,-0.08236918346179328
iforest,0,0.4003238326065951,0.2,0.3978306318988291,0.4893721826251041,0.003047790245555751
iforest,1,0.024158185602734472,0.0,0.0,0.024158185602734472,0.024158185602734472
iforest,2,-0.026982153992776814,0.0,-0.030262415026726455,-0.02950769327695596,0.003587294642379113
iforest,3,0.12945539859753918,0.2,0.12945539859753918,0.12945539859753918,0.0
iforest,4,0.13180333363075275,0.2,0.11562715279806046,0.13507383888001995,0.016577568892228223
hgb,0,-0.20573390962240312,-0.6000000000000001,-0.06872627041560131,-0.24307116888849245,-0.1600825803519218
hgb,1,-0.057828278408780576,0.4,-0.18585674383999284,-0.057828278408780576,0.12802846543121227
hgb,2,-0.2767862407213044,-0.39999999999999997,-0.12388723698299442,-0.2905313933564151,-0.19412739861890282
hgb,3,-0.13636888468948616,-0.4,-0.06363766361292467,-0.16866742068195634,-0.07273122107656149
hgb,4,-0.07384096898281095,-0.2,-0.15763923066108604,-0.11297896192927759,0.1329009826816704
pca,0,0.02358104045324394,0.0,0.02814660764118193,0.03645416888683084,-0.004565567187937991
pca,1,-0.006929669948418593,0.19999999999999996,-0.008555121857610426,0.03220118409763828,0.0017825641752103882
pca,2,-0.2506118467897517,-0.2,-0.2472041129659861,-0.2506118467897517,-0.0034077338237655797
pca,3,-0.0976590584347809,0.2,-0.10348185900501333,-0.08478593000119411,0.005822800570232489
pca,4,-0.20598685765955352,-0.2,-0.20598685765955352,-0.2162161262531765,0.0
ae,0,-0.08772834239251415,0.0,-0.09425718005532546,-0.07324233862782392,0.011425465909919885
ae,1,-0.03280315307864745,-0.2,-0.02684975639795506,-0.03939800222722123,-0.006528837662811315
ae,2,-0.08823565834634217,0.0,-0.08823565834634217,-0.12053419433881235,0.0
ae,3,-0.21690047048448274,0.0,-0.17180622582884475,-0.2376628011747741,-0.08233910353832014
ae,4,-0.16803638152911554,0.0,-0.16428939172127116,-0.14408250062625655,-0.005269987748089622
