feature,importance,seed,model
duration,0.012999855363246026,0,logistic
len,0.04993713455975366,0,logistic
mean,0.023642872394051353,0,logistic
var,0.006854572891583694,0,logistic
std,0.017436989479132137,0,logistic
kurtosis,0.015728165512803077,0,logistic
skew,0.02572542957170615,0,logistic
n_peaks,0.012987770916148418,0,logistic
smooth10_n_peaks,0.05316384978851529,0,logistic
smooth20_n_peaks,0.0017061534445803766,0,logistic
diff_peaks,0.06891970709169505,0,logistic
diff2_peaks,0.027690628059550408,0,logistic
diff_var,0.06382079331932765,0,logistic
diff2_var,0.0839297638697515,0,logistic
gaps_squared,0.07628391886201148,0,logistic
len_weighted,0.019066024845740222,0,logistic
var_div_duration,0.06291401594881971,0,logistic
var_div_len,0.0023297775769791683,0,logistic
channel_CADC0872,0.010259302162499295,0,logistic
channel_CADC0873,0.05693192292578849,0,logistic
channel_CADC0874,0.00756944238150985,0,logistic
channel_CADC0884,0.030367948023777968,0,logistic
channel_CADC0886,0.02222492765528408,0,logistic
channel_CADC0888,0.07843294291536161,0,logistic
channel_CADC0890,0.0003652475429052748,0,logistic
channel_CADC0892,0.018957414767425268,0,logistic
channel_CADC0894,0.013951870821503674,0,logistic
sampling_1,0.06835080193720909,0,logistic
sampling_5,0.06745075537131207,0,logistic
duration,0.03292339741213438,0,random_forest
len,0.04624527548439498,0,random_forest
mean,0.028552452603775428,0,random_forest
var,0.02273934221418509,0,random_forest
std,0.036360381578153536,0,random_forest
kurtosis,0.07668442896756118,0,random_forest
skew,0.03937019523532608,0,random_forest
n_peaks,0.24011374513429237,0,random_forest
smooth10_n_peaks,0.059166815712201885,0,random_forest
smooth20_n_peaks,0.00909180199581726,0,random_forest
diff_peaks,0.06613526833953015,0,random_forest
diff2_peaks,0.0916253725075486,0,random_forest
diff_var,0.024664569391245762,0,random_forest
diff2_var,0.043364522146127626,0,random_forest
gaps_squared,0.04235012333181803,0,random_forest
len_weighted,0.03012460933858722,0,random_forest
var_div_duration,0.02293759311035463,0,random_forest
var_div_len,0.0214329847212352,0,random_forest
channel_CADC0872,0.005418603867921148,0,random_forest
channel_CADC0873,0.00395795887202371,0,random_forest
channel_CADC0874,0.0007255911137372418,0,random_forest
channel_CADC0884,0.0032849480728257903,0,random_forest
channel_CADC0886,0.0005249347257284128,0,random_forest
channel_CADC0888,0.0050075577636349376,0,random_forest
channel_CADC0890,0.0014499715142122184,0,random_forest
channel_CADC0892,0.0015515077084248187,0,random_forest
channel_CADC0894,0.002521467545008298,0,random_forest
sampling_1,0.018094746186829384,0,random_forest
sampling_5,0.023579833404364516,0,random_forest
channel,0.004711323975207944,0,hgb
sampling,0.002546968274995103,0,hgb
duration,0.024347989634807814,0,hgb
len,0.02747123398203079,0,hgb
mean,0.01172256901885581,0,hgb
var,0.03773953719500061,0,hgb
std,0.00011256142096752836,0,hgb
kurtosis,0.0144277051803754,0,hgb
skew,0.01801122980859109,0,hgb
n_peaks,0.24211816665987987,0,hgb
smooth10_n_peaks,0.10370935752165888,0,hgb
smooth20_n_peaks,0.00011256142096752836,0,hgb
diff_peaks,0.09046006691276831,0,hgb
diff2_peaks,0.10257385336239348,0,hgb
diff_var,0.018978046005035217,0,hgb
diff2_var,0.1533576549155319,0,hgb
gaps_squared,0.036346971684535684,0,hgb
len_weighted,0.014201727119970139,0,hgb
var_div_duration,0.01924581283291515,0,hgb
var_div_len,0.07780466307029865,0,hgb
channel,0.051198232721675715,0,isolation_forest
sampling,0.05096653687967753,0,isolation_forest
duration,0.049732843044997296,0,isolation_forest
len,0.05039791572356274,0,isolation_forest
mean,0.050326589873955684,0,isolation_forest
var,0.05027096294343063,0,isolation_forest
std,0.050649480300282455,0,isolation_forest
kurtosis,0.04950220612317458,0,isolation_forest
skew,0.0496704115254978,0,isolation_forest
n_peaks,0.050477576646672566,0,isolation_forest
smooth10_n_peaks,0.048840236529348775,0,isolation_forest
smooth20_n_peaks,0.048866482584431006,0,isolation_forest
diff_peaks,0.050042823921051124,0,isolation_forest
diff2_peaks,0.04981131653071208,0,isolation_forest
diff_var,0.04989536039293262,0,isolation_forest
diff2_var,0.050106124596037485,0,isolation_forest
gaps_squared,0.04958824618159801,0,isolation_forest
len_weighted,0.049641168441181445,0,isolation_forest
var_div_duration,0.05023097792783764,0,isolation_forest
var_div_len,0.04978450711164682,0,isolation_forest
duration,0.0012868925485898966,1,logistic
len,0.06175012318154908,1,logistic
mean,0.029986053271342614,1,logistic
var,0.009415131365147229,1,logistic
std,0.000692958969464032,1,logistic
kurtosis,0.020075964087508676,1,logistic
skew,0.01775525380652999,1,logistic
n_peaks,0.00025274995408014353,1,logistic
smooth10_n_peaks,0.03775390995004262,1,logistic
smooth20_n_peaks,0.013105003214193164,1,logistic
diff_peaks,0.036567725588904754,1,logistic
diff2_peaks,0.023276983892667625,1,logistic
diff_var,0.07035236828410824,1,logistic
diff2_var,0.07493523579653986,1,logistic
gaps_squared,0.08976752289928837,1,logistic
len_weighted,0.027722196445251226,1,logistic
var_div_duration,0.06282940025591895,1,logistic
var_div_len,0.008529616124557356,1,logistic
channel_CADC0872,0.01217411152986991,1,logistic
channel_CADC0873,0.03747332778447068,1,logistic
channel_CADC0874,0.05191454460725393,1,logistic
channel_CADC0884,0.024806215847225418,1,logistic
channel_CADC0886,0.046507214601442824,1,logistic
channel_CADC0888,0.07771958350510677,1,logistic
channel_CADC0890,7.513111817571712e-05,1,logistic
channel_CADC0892,0.04563292422770307,1,logistic
channel_CADC0894,0.04451458838637951,1,logistic
sampling_1,0.03608966702694397,1,logistic
sampling_5,0.03703760172971507,1,logistic
duration,0.03811910582752351,1,random_forest
len,0.05551554998741814,1,random_forest
mean,0.036954786428339534,1,random_forest
var,0.02757258403368903,1,random_forest
std,0.04062164968977951,1,random_forest
kurtosis,0.05887715987675575,1,random_forest
skew,0.03550843688434082,1,random_forest
n_peaks,0.2129939196680437,1,random_forest
smooth10_n_peaks,0.06232334871190248,1,random_forest
smooth20_n_peaks,0.007827415807492303,1,random_forest
diff_peaks,0.07182220663433232,1,random_forest
diff2_peaks,0.10034112293618178,1,random_forest
diff_var,0.026999325525037737,1,random_forest
diff2_var,0.0351349717655826,1,random_forest
gaps_squared,0.05138333308562795,1,random_forest
len_weighted,0.027166830702722293,1,random_forest
var_div_duration,0.0262106194483872,1,random_forest
var_div_len,0.020982376469409886,1,random_forest
channel_CADC0872,0.0036193374308300694,1,random_forest
channel_CADC0873,0.002455555276386863,1,random_forest
channel_CADC0874,0.0007759095455727017,1,random_forest
channel_CADC0884,0.003397277857650231,1,random_forest
channel_CADC0886,0.0005335909329167295,1,random_forest
channel_CADC0888,0.003468116587918679,1,random_forest
channel_CADC0890,0.0007232788445608882,1,random_forest
channel_CADC0892,0.002079004490324176,1,random_forest
channel_CADC0894,0.0025391024639681244,1,random_forest
sampling_1,0.0238345895627802,1,random_forest
sampling_5,0.020219493523524663,1,random_forest
channel,0.007219099871247441,1,hgb
sampling,0.014480530565871307,1,hgb
duration,0.019606575966815535,1,hgb
len,0.03702953024774124,1,hgb
mean,0.027162366669274567,1,hgb
var,0.009884194923746667,1,hgb
std,9.528458011655626e-05,1,hgb
kurtosis,0.026422087823376735,1,hgb
skew,0.019606038989262397,1,hgb
n_peaks,0.28814613769198355,1,hgb
smooth10_n_peaks,0.03664029276846552,1,hgb
smooth20_n_peaks,0.00012488006809148147,1,hgb
diff_peaks,0.14740566300123226,1,hgb
diff2_peaks,0.09718300356137184,1,hgb
diff_var,0.020959853865023696,1,hgb
diff2_var,0.08605115753720635,1,hgb
gaps_squared,0.037946773777245014,1,hgb
len_weighted,0.016821520532426235,1,hgb
var_div_duration,0.0674316247492861,1,hgb
var_div_len,0.03978338280761407,1,hgb
channel,0.05081660798867709,1,isolation_forest
sampling,0.0512962416246518,1,isolation_forest
duration,0.049782307069687906,1,isolation_forest
len,0.05104564399383346,1,isolation_forest
mean,0.049934287479924726,1,isolation_forest
var,0.04999180374959266,1,isolation_forest
std,0.050389032693909604,1,isolation_forest
kurtosis,0.04968242478308808,1,isolation_forest
skew,0.04988497457507764,1,isolation_forest
n_peaks,0.0494789746176717,1,isolation_forest
smooth10_n_peaks,0.05022548729729972,1,isolation_forest
smooth20_n_peaks,0.049336771884173174,1,isolation_forest
diff_peaks,0.04984275562000221,1,isolation_forest
diff2_peaks,0.049942979663879596,1,isolation_forest
diff_var,0.049872173271611406,1,isolation_forest
diff2_var,0.04974622620700791,1,isolation_forest
gaps_squared,0.04951913658031179,1,isolation_forest
len_weighted,0.04958438192607421,1,isolation_forest
var_div_duration,0.04989886550328155,1,isolation_forest
var_div_len,0.04972892346996758,1,isolation_forest
duration,0.010636312524122013,2,logistic
len,0.06961893820261077,2,logistic
mean,0.020181731887043412,2,logistic
var,0.020051835630266582,2,logistic
std,0.018874722881741177,2,logistic
kurtosis,0.014127689378281738,2,logistic
skew,0.02355941742378653,2,logistic
n_peaks,0.002853625911331153,2,logistic
smooth10_n_peaks,0.035497321165786216,2,logistic
smooth20_n_peaks,0.009803031916362503,2,logistic
diff_peaks,0.05849626764902656,2,logistic
diff2_peaks,0.012939516290442472,2,logistic
diff_var,0.07670554164633493,2,logistic
diff2_var,0.07982956616740898,2,logistic
gaps_squared,0.08409910045152476,2,logistic
len_weighted,0.022087516688405966,2,logistic
var_div_duration,0.07648019872922661,2,logistic
var_div_len,0.027003822402207063,2,logistic
channel_CADC0872,0.008622680530267815,2,logistic
channel_CADC0873,0.04433040832305814,2,logistic
channel_CADC0874,0.04515608738226364,2,logistic
channel_CADC0884,0.036117738361396326,2,logistic
channel_CADC0886,0.021892016092491806,2,logistic
channel_CADC0888,0.06105180628122173,2,logistic
channel_CADC0890,0.00015215095400109816,2,logistic
channel_CADC0892,0.05428660608769257,2,logistic
channel_CADC0894,0.0034165031667072947,2,logistic
sampling_1,0.030781352809337408,2,logistic
sampling_5,0.03134649306562554,2,logistic
duration,0.04176740052472111,2,random_forest
len,0.05256801913418211,2,random_forest
mean,0.03189488590459591,2,random_forest
var,0.02668081867285809,2,random_forest
std,0.04704167418222116,2,random_forest
kurtosis,0.06558865442270205,2,random_forest
skew,0.03894666985544131,2,random_forest
n_peaks,0.21651485345488405,2,random_forest
smooth10_n_peaks,0.0697369661445482,2,random_forest
smooth20_n_peaks,0.010918947479589958,2,random_forest
diff_peaks,0.061207097488674554,2,random_forest
diff2_peaks,0.08758792894676644,2,random_forest
diff_var,0.02381122024194739,2,random_forest
diff2_var,0.0387625289588685,2,random_forest
gaps_squared,0.051632744945128796,2,random_forest
len_weighted,0.031048375935668084,2,random_forest
var_div_duration,0.023267617871428867,2,random_forest
var_div_len,0.021144882250807805,2,random_forest
channel_CADC0872,0.005167848639509913,2,random_forest
channel_CADC0873,0.0045191366516168915,2,random_forest
channel_CADC0874,0.0011476003186645409,2,random_forest
channel_CADC0884,0.002376146800635206,2,random_forest
channel_CADC0886,0.0003012453863700504,2,random_forest
channel_CADC0888,0.005630224263947944,2,random_forest
channel_CADC0890,0.0006791061030180953,2,random_forest
channel_CADC0892,0.001985091806992268,2,random_forest
channel_CADC0894,0.005409446872662606,2,random_forest
sampling_1,0.016452377627850512,2,random_forest
sampling_5,0.0162104891126973,2,random_forest
channel,0.007316345903482343,2,hgb
sampling,0.002712898352635959,2,hgb
duration,0.02428428421703764,2,hgb
len,0.04532081645624735,2,hgb
mean,0.014023518791628848,2,hgb
var,0.025272866741626075,2,hgb
std,9.810149499527394e-05,2,hgb
kurtosis,0.04815794748515443,2,hgb
skew,0.04275442806170438,2,hgb
n_peaks,0.23687688555678058,2,hgb
smooth10_n_peaks,0.03666116919065705,2,hgb
smooth20_n_peaks,0.0011384920649648537,2,hgb
diff_peaks,0.1234455203615244,2,hgb
diff2_peaks,0.09300120394303917,2,hgb
diff_var,0.02418529772347609,2,hgb
diff2_var,0.12563993808173077,2,hgb
gaps_squared,0.022694168361693294,2,hgb
len_weighted,0.01652780650116148,2,hgb
var_div_duration,0.045494100061305706,2,hgb
var_div_len,0.06439421064631784,2,hgb
channel,0.05076569245997871,2,isolation_forest
sampling,0.05105274101647351,2,isolation_forest
duration,0.049677778345642645,2,isolation_forest
len,0.050585046928214965,2,isolation_forest
mean,0.05003063587940484,2,isolation_forest
var,0.05016140569399144,2,isolation_forest
std,0.05042047843235095,2,isolation_forest
kurtosis,0.049636813774756004,2,isolation_forest
skew,0.04987624188551486,2,isolation_forest
n_peaks,0.04976721011425664,2,isolation_forest
smooth10_n_peaks,0.04933575747763751,2,isolation_forest
smooth20_n_peaks,0.04942519973737351,2,isolation_forest
diff_peaks,0.04993590922591285,2,isolation_forest
diff2_peaks,0.04984014452537759,2,isolation_forest
diff_var,0.050101230466706295,2,isolation_forest
diff2_var,0.050116870912558675,2,isolation_forest
gaps_squared,0.0495202021979925,2,isolation_forest
len_weighted,0.049884734718163556,2,isolation_forest
var_div_duration,0.05001943947261636,2,isolation_forest
var_div_len,0.049846466734803294,2,isolation_forest
duration,0.0082111655596369,3,logistic
len,0.08733082927173703,3,logistic
mean,0.028421442607171426,3,logistic
var,0.018127998021873704,3,logistic
std,0.008975815462270316,3,logistic
kurtosis,0.051948159752807685,3,logistic
skew,0.01566120188755717,3,logistic
n_peaks,0.0021599539225724924,3,logistic
smooth10_n_peaks,0.042299054911424015,3,logistic
smooth20_n_peaks,0.013536194251628442,3,logistic
diff_peaks,0.014120565260114631,3,logistic
diff2_peaks,0.049623347872562854,3,logistic
diff_var,0.05885634836622091,3,logistic
diff2_var,0.0967348664428339,3,logistic
gaps_squared,0.09414647124130977,3,logistic
len_weighted,0.030456910471260184,3,logistic
var_div_duration,0.06526189042244897,3,logistic
var_div_len,0.022820260973401906,3,logistic
channel_CADC0872,0.0064916791615758996,3,logistic
channel_CADC0873,0.025115423474479984,3,logistic
channel_CADC0874,0.021073083396153224,3,logistic
channel_CADC0884,0.02433502167184493,3,logistic
channel_CADC0886,0.005584273413772887,3,logistic
channel_CADC0888,0.06487541431054938,3,logistic
channel_CADC0890,0.00033228181313864596,3,logistic
channel_CADC0892,0.04878354191526536,3,logistic
channel_CADC0894,0.03344776666562734,3,logistic
sampling_1,0.02927423205397559,3,logistic
sampling_5,0.03199480542475387,3,logistic
duration,0.03515942352081166,3,random_forest
len,0.052406204018767846,3,random_forest
mean,0.031997626926177684,3,random_forest
var,0.02206259017763708,3,random_forest
std,0.037474077308017335,3,random_forest
kurtosis,0.0754105532040426,3,random_forest
skew,0.03666662425530592,3,random_forest
n_peaks,0.24988438112926292,3,random_forest
smooth10_n_peaks,0.06512677281089893,3,random_forest
smooth20_n_peaks,0.008769143587425275,3,random_forest
diff_peaks,0.06639701460782983,3,random_forest
diff2_peaks,0.08459335892262257,3,random_forest
diff_var,0.019275612676167123,3,random_forest
diff2_var,0.029545561927294534,3,random_forest
gaps_squared,0.04960935415818996,3,random_forest
len_weighted,0.025521110881619347,3,random_forest
var_div_duration,0.026356242452345444,3,random_forest
var_div_len,0.02135389947317619,3,random_forest
channel_CADC0872,0.003312917796486827,3,random_forest
channel_CADC0873,0.0017635124344488541,3,random_forest
channel_CADC0874,0.0013079244082817246,3,random_forest
channel_CADC0884,0.0018307663885503513,3,random_forest
channel_CADC0886,0.0002921766584404748,3,random_forest
channel_CADC0888,0.0036710825264307206,3,random_forest
channel_CADC0890,0.00055988595165659,3,random_forest
channel_CADC0892,0.0023868178279779577,3,random_forest
channel_CADC0894,0.0013863038700603016,3,random_forest
sampling_1,0.019789267569374845,3,random_forest
sampling_5,0.026089792529699184,3,random_forest
channel,0.007586804529214483,3,hgb
sampling,0.0029893539210313342,3,hgb
duration,0.01902393277479589,3,hgb
len,0.03373303667092767,3,hgb
mean,0.00794348250698731,3,hgb
var,0.027907994552855364,3,hgb
std,0.00010627557934845767,3,hgb
kurtosis,0.036842459537505125,3,hgb
skew,0.013746289883380083,3,hgb
n_peaks,0.26171358874298123,3,hgb
smooth10_n_peaks,0.03338526073909575,3,hgb
smooth20_n_peaks,0.00547098052354848,3,hgb
diff_peaks,0.1308953572941989,3,hgb
diff2_peaks,0.16692146337748534,3,hgb
diff_var,0.019843546543948723,3,hgb
diff2_var,0.08830068387548262,3,hgb
gaps_squared,0.04593485354183972,3,hgb
len_weighted,0.008420949183678304,3,hgb
var_div_duration,0.03647289483133144,3,hgb
var_div_len,0.05276079138735365,3,hgb
channel,0.051435619781184584,3,isolation_forest
sampling,0.05140859499920444,3,isolation_forest
duration,0.049472466212188225,3,isolation_forest
len,0.05046211279872116,3,isolation_forest
mean,0.04998356167319846,3,isolation_forest
var,0.04999464195207816,3,isolation_forest
std,0.05025513903757089,3,isolation_forest
kurtosis,0.04960305193567118,3,isolation_forest
skew,0.04981064949575221,3,isolation_forest
n_peaks,0.04977127244997069,3,isolation_forest
smooth10_n_peaks,0.04917708936474905,3,isolation_forest
smooth20_n_peaks,0.04909919962729069,3,isolation_forest
diff_peaks,0.05003326932120388,3,isolation_forest
diff2_peaks,0.049888039372895536,3,isolation_forest
diff_var,0.04975931613494128,3,isolation_forest
diff2_var,0.05000664767070538,3,isolation_forest
gaps_squared,0.049751962283897874,3,isolation_forest
len_weighted,0.0498426912924693,3,isolation_forest
var_div_duration,0.05011101300646192,3,isolation_forest
var_div_len,0.05013366158957257,3,isolation_forest
duration,0.00047902049100403596,4,logistic
len,0.07260723270000691,4,logistic
mean,0.026264945217744147,4,logistic
var,0.02156258861145781,4,logistic
std,0.01974390072852498,4,logistic
kurtosis,0.043501523634302916,4,logistic
skew,0.02662481902190692,4,logistic
n_peaks,0.006264345622672222,4,logistic
smooth10_n_peaks,0.04442166617229828,4,logistic
smooth20_n_peaks,0.009373554009447898,4,logistic
diff_peaks,0.03075937810667613,4,logistic
diff2_peaks,0.04739617397238452,4,logistic
diff_var,0.05381862600843393,4,logistic
diff2_var,0.07192282032830452,4,logistic
gaps_squared,0.09228593109229713,4,logistic
len_weighted,0.03922254650015192,4,logistic
var_div_duration,0.06525991476166225,4,logistic
var_div_len,0.01536010530225674,4,logistic
channel_CADC0872,0.007104918946294004,4,logistic
channel_CADC0873,0.032180565275746836,4,logistic
channel_CADC0874,0.025114837132833776,4,logistic
channel_CADC0884,0.030383493769014752,4,logistic
channel_CADC0886,0.02204048059606678,4,logistic
channel_CADC0888,0.06668489060310524,4,logistic
channel_CADC0890,9.35847177066053e-05,4,logistic
channel_CADC0892,0.025445895158454707,4,logistic
channel_CADC0894,0.020080370180907834,4,logistic
sampling_1,0.04160768383671455,4,logistic
sampling_5,0.0423941875015918,4,logistic
duration,0.03998972061734413,4,random_forest
len,0.05514145047398709,4,random_forest
mean,0.03381436299147964,4,random_forest
var,0.025084153350547846,4,random_forest
std,0.03549288894073849,4,random_forest
kurtosis,0.09142863845791686,4,random_forest
skew,0.03316880621740603,4,random_forest
n_peaks,0.20438483206952598,4,random_forest
smooth10_n_peaks,0.04766477001486199,4,random_forest
smooth20_n_peaks,0.013229624835822235,4,random_forest
diff_peaks,0.07240906705432174,4,random_forest
diff2_peaks,0.11516475963051645,4,random_forest
diff_var,0.021123916176699068,4,random_forest
diff2_var,0.034051774872913644,4,random_forest
gaps_squared,0.04479010635739014,4,random_forest
len_weighted,0.02988649286070557,4,random_forest
var_div_duration,0.023379638287597905,4,random_forest
var_div_len,0.01827300663146394,4,random_forest
channel_CADC0872,0.0026352615460435436,4,random_forest
channel_CADC0873,0.0026796776832382634,4,random_forest
channel_CADC0874,0.0009181848464018981,4,random_forest
channel_CADC0884,0.0025468316775164417,4,random_forest
channel_CADC0886,0.0004499400518695268,4,random_forest
channel_CADC0888,0.0033304582000487355,4,random_forest
channel_CADC0890,0.0007757029130672907,4,random_forest
channel_CADC0892,0.0019633234435116956,4,random_forest
channel_CADC0894,0.003210033981197309,4,random_forest
sampling_1,0.01743148016001448,4,random_forest
sampling_5,0.025581095654852094,4,random_forest
channel,0.004575844861780735,4,hgb
sampling,0.010104191093966614,4,hgb
duration,0.04463847975699973,4,hgb
len,0.043906116621138504,4,hgb
mean,0.01969288319146893,4,hgb
var,0.05394327986328438,4,hgb
std,7.742684495654316e-05,4,hgb
kurtosis,0.036972103188453266,4,hgb
skew,0.040181631308035794,4,hgb
n_peaks,0.2254206108109201,4,hgb
smooth10_n_peaks,0.05426287849414545,4,hgb
smooth20_n_peaks,0.00021224243665242536,4,hgb
diff_peaks,0.0822616113194065,4,hgb
diff2_peaks,0.12046287213761069,4,hgb
diff_var,0.012203524499522746,4,hgb
diff2_var,0.13512437460646748,4,hgb
gaps_squared,0.026330715882769622,4,hgb
len_weighted,0.013782630146835301,4,hgb
var_div_duration,0.04148910048990179,4,hgb
var_div_len,0.03435748244317229,4,hgb
channel,0.050699750614590054,4,isolation_forest
sampling,0.051093670060156,4,isolation_forest
duration,0.04990634398969821,4,isolation_forest
len,0.0504385265493696,4,isolation_forest
mean,0.05002001485398691,4,isolation_forest
var,0.05000357271505024,4,isolation_forest
std,0.05024498363550711,4,isolation_forest
kurtosis,0.049763524433405766,4,isolation_forest
skew,0.04975584081782037,4,isolation_forest
n_peaks,0.05039461438610861,4,isolation_forest
smooth10_n_peaks,0.04919232761611419,4,isolation_forest
smooth20_n_peaks,0.04909688738723462,4,isolation_forest
diff_peaks,0.04998380652338221,4,isolation_forest
diff2_peaks,0.04992002034477418,4,isolation_forest
diff_var,0.049925886683984864,4,isolation_forest
diff2_var,0.050053607416025686,4,isolation_forest
gaps_squared,0.04953811159695155,4,isolation_forest
len_weighted,0.05005566693983766,4,isolation_forest
var_div_duration,0.04998656097493084,4,isolation_forest
var_div_len,0.04992628246080133,4,isolation_forest
