seed,model,auroc,ap,p_at_5pct,n_train,n_test,n_test_anomaly
0,logistic,0.9692392784206944,0.9118524176212641,1.0,1594,529,113
0,random_forest,0.9914908100748808,0.9760429875768851,1.0,1594,529,113
0,hgb,0.9903633424098026,0.9750683813840518,1.0,1594,529,113
0,isolation_forest,0.743681926480599,0.4329286706358883,0.5555555555555556,1594,529,113
1,logistic,0.9649846834581348,0.9337344108450701,1.0,1594,529,113
1,random_forest,0.9880977705922397,0.9667313446162094,1.0,1594,529,113
1,hgb,0.9840027229407761,0.959289400025277,1.0,1594,529,113
1,isolation_forest,0.7736555479918311,0.5207214881739874,0.7407407407407407,1594,529,113
2,logistic,0.9620702859087815,0.9200107083513344,0.9629629629629629,1594,529,113
2,random_forest,0.9897996085772633,0.9713256902166354,1.0,1594,529,113
2,hgb,0.9901506126616746,0.9700787748157927,1.0,1594,529,113
2,isolation_forest,0.7678905718175629,0.49218062155430403,0.6666666666666666,1594,529,113
3,logistic,0.9600280803267529,0.9170220962175019,1.0,1594,529,113
3,random_forest,0.9884487746766508,0.9656491885480059,1.0,1594,529,113
3,hgb,0.986938393464942,0.9643629838911502,1.0,1594,529,113
3,isolation_forest,0.7630616065350578,0.46748003530306215,0.48148148148148145,1594,529,113
4,logistic,0.965048502382573,0.9204084647099584,1.0,1594,529,113
4,random_forest,0.9839708134785567,0.9637565202464591,1.0,1594,529,113
4,hgb,0.9826199795779441,0.9564338982387733,1.0,1594,529,113
4,isolation_forest,0.7751233832539142,0.46627593305910864,0.5555555555555556,1594,529,113
