scope,variant,ndcg10_mean,ndcg10_sd,ndcg_gain_vs_score_mean,p5_hisev_mean,p5_gain_vs_score_mean,n_blocks
pooled,score_only,0.5515420428114916,0.21129564401055081,0.0,0.26,0.0,60
pooled,additive_full,0.4770533933542039,0.1769466971643865,-0.07448864945728777,0.18000000000000002,-0.08000000000000002,60
pooled,multiplicative_stability,0.54182147897683,0.19424845055619444,-0.009720563834661695,0.24333333333333332,-0.016666666666666666,60
pooled,score_dominant_025,0.48977356272568756,0.2066670742433996,-0.06176848008580411,0.20333333333333334,-0.05666666666666667,60
pooled,score_dominant_050,0.4780237189660692,0.1855283730557757,-0.0735183238454224,0.18333333333333332,-0.07666666666666667,60
pooled,cutoff_gate_05,0.48003406271682203,0.19601135983244045,-0.07150798009466965,0.2,-0.06000000000000001,60
pooled,cutoff_gate_10,0.474597263057324,0.1893090611073998,-0.07694477975416755,0.18666666666666668,-0.07333333333333333,60
pooled,soft_cutoff_gate,0.47147252776575393,0.2003392974970341,-0.08006951504573777,0.19,-0.07,60
pooled,stability_positive_gate,0.4776189165082343,0.1837389965629667,-0.07392312630325737,0.2,-0.06000000000000001,60
lr,score_only,0.5555514489107624,0.12806504210219263,0.0,0.2,0.0,10
lr,additive_full,0.5659022274013583,0.11740025433672023,0.01035077849059594,0.2,5.551115123125783e-18,10
lr,multiplicative_stability,0.6103627867509547,0.09223779635980826,0.0548113378401923,0.24000000000000005,0.04000000000000001,10
lr,score_dominant_025,0.5693744348943224,0.1357636559246187,0.013822985983559927,0.22000000000000003,0.020000000000000007,10
lr,score_dominant_050,0.5670074392062258,0.12289295599771587,0.011455990295463403,0.2,5.551115123125783e-18,10
lr,cutoff_gate_05,0.564409337167198,0.11931227918762834,0.008857888256435664,0.2,5.551115123125783e-18,10
lr,cutoff_gate_10,0.5681663712984977,0.11555689307847189,0.012614922387735256,0.2,5.551115123125783e-18,10
lr,soft_cutoff_gate,0.5649177876850484,0.12067117652047009,0.009366338774286099,0.2,5.551115123125783e-18,10
lr,stability_positive_gate,0.5951986296925844,0.12382183266871749,0.03964718078182218,0.22000000000000003,0.020000000000000007,10
dtree,score_only,0.6284597068855158,0.1628735033382647,0.0,0.26000000000000006,0.0,10
dtree,additive_full,0.5945733332230326,0.1534944830303496,-0.03388637366248314,0.26,5.551115123125783e-18,10
dtree,multiplicative_stability,0.6022412289731125,0.15938977032194293,-0.026218477912403244,0.22000000000000006,-0.039999999999999994,10
dtree,score_dominant_025,0.6108432157904339,0.14639522085550122,-0.01761649109508185,0.27999999999999997,0.020000000000000007,10
dtree,score_dominant_050,0.6000928735023597,0.15108391908443772,-0.028366833383156015,0.26,5.551115123125783e-18,10
dtree,cutoff_gate_05,0.5997567420489021,0.1542345775711703,-0.02870296483661374,0.27999999999999997,0.020000000000000007,10
dtree,cutoff_gate_10,0.5997567420489021,0.1542345775711703,-0.02870296483661374,0.27999999999999997,0.020000000000000007,10
dtree,soft_cutoff_gate,0.5968485591154634,0.15752305179792,-0.03161114777005237,0.27999999999999997,0.020000000000000007,10
dtree,stability_positive_gate,0.6196489133360246,0.128837111664635,-0.00881079354949112,0.3,0.04000000000000001,10
iforest,score_only,0.27305695025552856,0.27346564869189544,0.0,0.1,0.0,10
iforest,additive_full,0.2815946328028408,0.1580776084242666,0.008537682547312297,0.12000000000000002,0.020000000000000007,10
iforest,multiplicative_stability,0.25808782516998935,0.23315334880567196,-0.014969125085539173,0.1,0.0,10
iforest,score_dominant_025,0.2547829676790328,0.2453664771975137,-0.018273982576495762,0.1,0.0,10
iforest,score_dominant_050,0.2658545672325342,0.18535577015583404,-0.007202383022994358,0.08,-0.02,10
iforest,cutoff_gate_05,0.25991082828102363,0.23019907563279182,-0.013146121974504942,0.12,0.02,10
iforest,cutoff_gate_10,0.26924329566292826,0.22880209302596824,-0.003813654592600317,0.1,0.0,10
iforest,soft_cutoff_gate,0.23499536689331824,0.22871335332594733,-0.03806158336221031,0.08,-0.02,10
iforest,stability_positive_gate,0.2699333399254791,0.1631398411047294,-0.0031236103300495087,0.14,0.04000000000000001,10
hgb,score_only,0.7641464337792685,0.12155153221086731,0.0,0.5599999999999999,0.0,10
hgb,additive_full,0.5880059859255964,0.09286077623942171,-0.17614044785367203,0.26000000000000006,-0.3,10
hgb,multiplicative_stability,0.699946691365434,0.11786968503162752,-0.06419974241383457,0.45999999999999996,-0.1,10
hgb,score_dominant_025,0.6542517649092666,0.08915383780040712,-0.10989466887000199,0.36,-0.2,10
hgb,score_dominant_050,0.6065284066378773,0.07590761248482998,-0.15761802714139117,0.32,-0.24,10
hgb,cutoff_gate_05,0.6040587434969009,0.08712264121654775,-0.16008769028236766,0.34,-0.22000000000000003,10
hgb,cutoff_gate_10,0.5819653571082407,0.08942701881925842,-0.18218107667102784,0.28,-0.27999999999999997,10
hgb,soft_cutoff_gate,0.6006467599783227,0.0836265468165238,-0.16349967380094568,0.32000000000000006,-0.24,10
hgb,stability_positive_gate,0.5811222724777139,0.11778007650585033,-0.18302416130155463,0.32000000000000006,-0.24,10
pca,score_only,0.5501418549955648,0.09321828477361307,0.0,0.24,0.0,10
pca,additive_full,0.39399053131702366,0.15095127046137682,-0.1561513236785411,0.12,-0.12000000000000002,10
pca,multiplicative_stability,0.5403740119673074,0.09067051597165589,-0.00976784302825739,0.22000000000000003,-0.019999999999999997,10
pca,score_dominant_025,0.3970197874114011,0.14875816734822467,-0.15312206758416372,0.12,-0.12,10
pca,score_dominant_050,0.392189439650015,0.1494668342845195,-0.15795241534554977,0.12,-0.12000000000000002,10
pca,cutoff_gate_05,0.40179902314335925,0.15898390348996905,-0.1483428318522055,0.12,-0.12000000000000002,10
pca,cutoff_gate_10,0.3834825456945784,0.12836938273111542,-0.16665930930098635,0.12,-0.12000000000000002,10
pca,soft_cutoff_gate,0.385460979008032,0.15098019926066086,-0.16468087598753273,0.12,-0.12000000000000002,10
pca,stability_positive_gate,0.35997631392240026,0.1121691462339878,-0.19016554107316455,0.1,-0.13999999999999999,10
ae,score_only,0.53789586204231,0.09114499568508577,0.0,0.2,0.0,10
ae,additive_full,0.4382536494553714,0.14809189453223354,-0.09964221258693857,0.12000000000000002,-0.08,10
ae,multiplicative_stability,0.5399163296341818,0.10225212343863146,0.002020467591871905,0.22000000000000003,0.02,10
ae,score_dominant_025,0.4523692056696687,0.1549031519162957,-0.08552665637264123,0.13999999999999999,-0.06,10
ae,score_dominant_050,0.4364695875674034,0.1464044992967877,-0.10142627447490656,0.12000000000000002,-0.08,10
ae,cutoff_gate_05,0.45026970216354834,0.15948371773768386,-0.08762615987876167,0.13999999999999999,-0.06,10
ae,cutoff_gate_10,0.44496926653079766,0.15482821838854874,-0.09292659551151229,0.13999999999999999,-0.06,10
ae,soft_cutoff_gate,0.4459657139143383,0.15765047556494086,-0.09193014812797166,0.13999999999999999,-0.06,10
ae,stability_positive_gate,0.4398340296952033,0.14747245339714346,-0.09806183234710664,0.12000000000000002,-0.08,10
