model,variant,ndcg10_mean,ndcg10_sd,ndcg_gain_vs_score_mean,p5_hisev_mean,p5_gain_vs_score_mean,n_seeds
lr,score_only,0.5555514489107624,0.12806504210219263,0.0,0.2,0.0,10
lr,stability_only,0.491953922919018,0.11095881784100521,-0.06359752599174437,0.2,5.551115123125783e-18,10
lr,concentration_only,0.522614942088786,0.15534357131331336,-0.03293650682197633,0.12,-0.08,10
lr,score_plus_stability,0.5833788881644756,0.10968083153888934,0.02782743925371321,0.24000000000000005,0.04000000000000001,10
lr,score_plus_concentration,0.5422054730284617,0.14212201599585297,-0.01334597588230067,0.2,0.0,10
lr,evidence_only,0.547249996394788,0.11945336766103153,-0.008301452515974462,0.18000000000000002,-0.01999999999999999,10
lr,additive_full,0.5659022274013583,0.11740025433672023,0.01035077849059594,0.2,5.551115123125783e-18,10
lr,multiplicative_stability,0.6103627867509547,0.09223779635980826,0.0548113378401923,0.24000000000000005,0.04000000000000001,10
dtree,score_only,0.6284597068855158,0.1628735033382647,0.0,0.26000000000000006,0.0,10
dtree,stability_only,0.4167523853519464,0.1685391964667958,-0.21170732153356941,0.1,-0.16,10
dtree,concentration_only,0.629241258572742,0.190200357722653,0.0007815516872263228,0.38,0.12000000000000002,10
dtree,score_plus_stability,0.6002197096053493,0.159274869446322,-0.0282399972801665,0.22000000000000006,-0.039999999999999994,10
dtree,score_plus_concentration,0.6537637301201996,0.15926957827406946,0.025304023234683826,0.38,0.12000000000000002,10
dtree,evidence_only,0.5737816716175577,0.1742598071879997,-0.05467803526795809,0.26,5.551115123125783e-18,10
dtree,additive_full,0.5945733332230326,0.1534944830303496,-0.03388637366248314,0.26,5.551115123125783e-18,10
dtree,multiplicative_stability,0.6022412289731125,0.15938977032194293,-0.026218477912403244,0.22000000000000006,-0.039999999999999994,10
iforest,score_only,0.27305695025552856,0.27346564869189544,0.0,0.1,0.0,10
iforest,stability_only,0.26041978177599523,0.16541924388396545,-0.012637168479533334,0.12000000000000002,0.020000000000000007,10
iforest,concentration_only,0.2414526320882943,0.16491605386311542,-0.03160431816723426,0.08,-0.02,10
iforest,score_plus_stability,0.2567106567590475,0.2238762817672097,-0.016346293496481056,0.1,0.0,10
iforest,score_plus_concentration,0.28126078128842974,0.20560265268039893,0.008203831032901227,0.06000000000000001,-0.04,10
iforest,evidence_only,0.24260195074154217,0.1720826495907333,-0.03045499951398631,0.1,5.551115123125783e-18,10
iforest,additive_full,0.2815946328028408,0.1580776084242666,0.008537682547312297,0.12000000000000002,0.020000000000000007,10
iforest,multiplicative_stability,0.25808782516998935,0.23315334880567196,-0.014969125085539173,0.1,0.0,10
hgb,score_only,0.7641464337792685,0.12155153221086731,0.0,0.5599999999999999,0.0,10
hgb,stability_only,0.40583984258494105,0.17331317018542308,-0.3583065911943275,0.22000000000000003,-0.34,10
hgb,concentration_only,0.500126551390472,0.12117653462784611,-0.2640198823887966,0.14,-0.42000000000000004,10
hgb,score_plus_stability,0.617863630997366,0.11716973732173556,-0.14628280278190253,0.42000000000000004,-0.14,10
hgb,score_plus_concentration,0.5601162208304787,0.10795723498260487,-0.20403021294878973,0.2,-0.36,10
hgb,evidence_only,0.4509816581923111,0.10638210441942393,-0.3131647755869574,0.13999999999999999,-0.42000000000000004,10
hgb,additive_full,0.5880059859255964,0.09286077623942171,-0.17614044785367203,0.26000000000000006,-0.3,10
hgb,multiplicative_stability,0.699946691365434,0.11786968503162752,-0.06419974241383457,0.45999999999999996,-0.1,10
pca,score_only,0.5501418549955648,0.09321828477361307,0.0,0.24,0.0,10
pca,stability_only,0.3484080514183304,0.14063014465109105,-0.20173380357723433,0.16,-0.08,10
pca,concentration_only,0.4993272268001638,0.17978767048523078,-0.05081462819540097,0.30000000000000004,0.06000000000000003,10
pca,score_plus_stability,0.510119333466689,0.0889364267137953,-0.040022521528875775,0.18,-0.06000000000000001,10
pca,score_plus_concentration,0.4273503647913136,0.15370263724475428,-0.1227914902042512,0.30000000000000004,0.06000000000000001,10
pca,evidence_only,0.38803126272692035,0.10337999493021512,-0.16211059226864447,0.06000000000000001,-0.18000000000000002,10
pca,additive_full,0.39399053131702366,0.15095127046137682,-0.1561513236785411,0.12,-0.12000000000000002,10
pca,multiplicative_stability,0.5403740119673074,0.09067051597165589,-0.00976784302825739,0.22000000000000003,-0.019999999999999997,10
ae,score_only,0.53789586204231,0.09114499568508577,0.0,0.2,0.0,10
ae,stability_only,0.46449753698322904,0.1519727923206907,-0.07339832505908092,0.1,-0.1,10
ae,concentration_only,0.524296027695261,0.1105729008659541,-0.013599834347049,0.24000000000000005,0.04000000000000001,10
ae,score_plus_stability,0.4642829586706826,0.14124412788727253,-0.0736129033716273,0.2,0.0,10
ae,score_plus_concentration,0.4776170712921215,0.09648079059237695,-0.060278790750188396,0.2,1.1102230246251566e-17,10
ae,evidence_only,0.5249287271962305,0.14625561870497977,-0.012967134846079453,0.22000000000000003,0.02,10
ae,additive_full,0.4382536494553714,0.14809189453223354,-0.09964221258693857,0.12000000000000002,-0.08,10
ae,multiplicative_stability,0.5399163296341818,0.10225212343863146,0.002020467591871905,0.22000000000000003,0.02,10
