dataset,model,seed_a,seed_b,norm_a,norm_b,cosine,pair_status,degenerate_reason,signature_estimator,feature_space
kddcup99,hgb,0,1,0.7870032211686063,0.6531665669484009,0.9838663004846463,valid,,permutation importance using average precision,41 original KDDCup99 tabular features
kddcup99,hgb,0,2,0.7870032211686063,0.8126749570240794,0.9993585030300637,valid,,permutation importance using average precision,41 original KDDCup99 tabular features
kddcup99,hgb,0,3,0.7870032211686063,0.5197235575435157,0.9999462894741138,valid,,permutation importance using average precision,41 original KDDCup99 tabular features
kddcup99,hgb,0,4,0.7870032211686063,0.655278415310719,0.9881804687689589,valid,,permutation importance using average precision,41 original KDDCup99 tabular features
kddcup99,hgb,1,2,0.6531665669484009,0.8126749570240794,0.9895178361308089,valid,,permutation importance using average precision,41 original KDDCup99 tabular features
kddcup99,hgb,1,3,0.6531665669484009,0.5197235575435157,0.9838807701637308,valid,,permutation importance using average precision,41 original KDDCup99 tabular features
kddcup99,hgb,1,4,0.6531665669484009,0.655278415310719,0.9448237274039576,valid,,permutation importance using average precision,41 original KDDCup99 tabular features
kddcup99,hgb,2,3,0.8126749570240794,0.5197235575435157,0.9993322010164508,valid,,permutation importance using average precision,41 original KDDCup99 tabular features
kddcup99,hgb,2,4,0.8126749570240794,0.655278415310719,0.9821866660281788,valid,,permutation importance using average precision,41 original KDDCup99 tabular features
kddcup99,hgb,3,4,0.5197235575435157,0.655278415310719,0.988092528711721,valid,,permutation importance using average precision,41 original KDDCup99 tabular features
kddcup99,isolation_forest,0,1,0.03254436711594786,0.03506685464430823,0.9832036104329943,valid,,mean absolute raw anomaly-score change after feature permutation,41 original KDDCup99 tabular features
kddcup99,isolation_forest,0,2,0.03254436711594786,0.034872931850882916,0.9912239466485794,valid,,mean absolute raw anomaly-score change after feature permutation,41 original KDDCup99 tabular features
kddcup99,isolation_forest,0,3,0.03254436711594786,0.03442170203736722,0.9840886289501323,valid,,mean absolute raw anomaly-score change after feature permutation,41 original KDDCup99 tabular features
kddcup99,isolation_forest,0,4,0.03254436711594786,0.03672799834229604,0.9836357278702794,valid,,mean absolute raw anomaly-score change after feature permutation,41 original KDDCup99 tabular features
kddcup99,isolation_forest,1,2,0.03506685464430823,0.034872931850882916,0.991973424247699,valid,,mean absolute raw anomaly-score change after feature permutation,41 original KDDCup99 tabular features
kddcup99,isolation_forest,1,3,0.03506685464430823,0.03442170203736722,0.9826600066770755,valid,,mean absolute raw anomaly-score change after feature permutation,41 original KDDCup99 tabular features
kddcup99,isolation_forest,1,4,0.03506685464430823,0.03672799834229604,0.990968726044761,valid,,mean absolute raw anomaly-score change after feature permutation,41 original KDDCup99 tabular features
kddcup99,isolation_forest,2,3,0.034872931850882916,0.03442170203736722,0.9888959248574954,valid,,mean absolute raw anomaly-score change after feature permutation,41 original KDDCup99 tabular features
kddcup99,isolation_forest,2,4,0.034872931850882916,0.03672799834229604,0.9936803864910767,valid,,mean absolute raw anomaly-score change after feature permutation,41 original KDDCup99 tabular features
kddcup99,isolation_forest,3,4,0.03442170203736722,0.03672799834229604,0.9886422497281363,valid,,mean absolute raw anomaly-score change after feature permutation,41 original KDDCup99 tabular features
kddcup99,logistic,0,1,0.016461439827866773,0.07190043477496418,0.48984416663649116,valid,,permutation importance using average precision,41 original KDDCup99 tabular features
kddcup99,logistic,0,2,0.016461439827866773,0.11145271839144893,0.5278907821241525,valid,,permutation importance using average precision,41 original KDDCup99 tabular features
kddcup99,logistic,0,3,0.016461439827866773,0.1704891511472802,0.8974129296823169,valid,,permutation importance using average precision,41 original KDDCup99 tabular features
kddcup99,logistic,0,4,0.016461439827866773,0.06376368927449087,0.6109810416755176,valid,,permutation importance using average precision,41 original KDDCup99 tabular features
kddcup99,logistic,1,2,0.07190043477496418,0.11145271839144893,0.9684838632090331,valid,,permutation importance using average precision,41 original KDDCup99 tabular features
kddcup99,logistic,1,3,0.07190043477496418,0.1704891511472802,0.511524363528609,valid,,permutation importance using average precision,41 original KDDCup99 tabular features
kddcup99,logistic,1,4,0.07190043477496418,0.06376368927449087,0.8894068368355592,valid,,permutation importance using average precision,41 original KDDCup99 tabular features
kddcup99,logistic,2,3,0.11145271839144893,0.1704891511472802,0.5430049405601692,valid,,permutation importance using average precision,41 original KDDCup99 tabular features
kddcup99,logistic,2,4,0.11145271839144893,0.06376368927449087,0.9390835520890704,valid,,permutation importance using average precision,41 original KDDCup99 tabular features
kddcup99,logistic,3,4,0.1704891511472802,0.06376368927449087,0.5914427455928112,valid,,permutation importance using average precision,41 original KDDCup99 tabular features
kddcup99,random_forest,0,1,0.0,0.00422096596825487,,degenerate,seed_a_zero_norm,permutation importance using average precision,41 original KDDCup99 tabular features
kddcup99,random_forest,0,2,0.0,0.0013251846782355939,,degenerate,seed_a_zero_norm,permutation importance using average precision,41 original KDDCup99 tabular features
kddcup99,random_forest,0,3,0.0,0.005900373037840931,,degenerate,seed_a_zero_norm,permutation importance using average precision,41 original KDDCup99 tabular features
kddcup99,random_forest,0,4,0.0,7.401486830834377e-17,,degenerate,seed_a_zero_norm,permutation importance using average precision,41 original KDDCup99 tabular features
kddcup99,random_forest,1,2,0.00422096596825487,0.0013251846782355939,0.7903474590724515,valid,,permutation importance using average precision,41 original KDDCup99 tabular features
kddcup99,random_forest,1,3,0.00422096596825487,0.005900373037840931,0.5691878336795231,valid,,permutation importance using average precision,41 original KDDCup99 tabular features
kddcup99,random_forest,1,4,0.00422096596825487,7.401486830834377e-17,0.2560214620522674,valid,,permutation importance using average precision,41 original KDDCup99 tabular features
kddcup99,random_forest,2,3,0.0013251846782355939,0.005900373037840931,0.40616616362918057,valid,,permutation importance using average precision,41 original KDDCup99 tabular features
kddcup99,random_forest,2,4,0.0013251846782355939,7.401486830834377e-17,0.06982985546548437,valid,,permutation importance using average precision,41 original KDDCup99 tabular features
kddcup99,random_forest,3,4,0.005900373037840931,7.401486830834377e-17,0.444185198608642,valid,,permutation importance using average precision,41 original KDDCup99 tabular features
opssat_ad,hgb,0,1,0.3516035850444021,0.3679817361885679,0.9249884733494576,valid,,normalized mean absolute raw score change after feature permutation,20 original OPSSAT-AD extracted features
opssat_ad,hgb,0,2,0.3516035850444021,0.33553728871724536,0.9594343537269416,valid,,normalized mean absolute raw score change after feature permutation,20 original OPSSAT-AD extracted features
opssat_ad,hgb,0,3,0.3516035850444021,0.3651335371947133,0.9338178644631144,valid,,normalized mean absolute raw score change after feature permutation,20 original OPSSAT-AD extracted features
opssat_ad,hgb,0,4,0.3516035850444021,0.3281509397208624,0.9674185825692543,valid,,normalized mean absolute raw score change after feature permutation,20 original OPSSAT-AD extracted features
opssat_ad,hgb,1,2,0.3679817361885679,0.33553728871724536,0.9727376061979279,valid,,normalized mean absolute raw score change after feature permutation,20 original OPSSAT-AD extracted features
opssat_ad,hgb,1,3,0.3679817361885679,0.3651335371947133,0.9697243556943342,valid,,normalized mean absolute raw score change after feature permutation,20 original OPSSAT-AD extracted features
opssat_ad,hgb,1,4,0.3679817361885679,0.3281509397208624,0.9418046392721061,valid,,normalized mean absolute raw score change after feature permutation,20 original OPSSAT-AD extracted features
opssat_ad,hgb,2,3,0.33553728871724536,0.3651335371947133,0.9643785202332855,valid,,normalized mean absolute raw score change after feature permutation,20 original OPSSAT-AD extracted features
opssat_ad,hgb,2,4,0.33553728871724536,0.3281509397208624,0.975064131055654,valid,,normalized mean absolute raw score change after feature permutation,20 original OPSSAT-AD extracted features
opssat_ad,hgb,3,4,0.3651335371947133,0.3281509397208624,0.9568605371425412,valid,,normalized mean absolute raw score change after feature permutation,20 original OPSSAT-AD extracted features
opssat_ad,isolation_forest,0,1,0.2381902892496522,0.23256687889076527,0.9657540604375334,valid,,normalized mean absolute raw anomaly-score change after feature permutation,20 original OPSSAT-AD extracted features
opssat_ad,isolation_forest,0,2,0.2381902892496522,0.23225340556614915,0.9822883443991387,valid,,normalized mean absolute raw anomaly-score change after feature permutation,20 original OPSSAT-AD extracted features
opssat_ad,isolation_forest,0,3,0.2381902892496522,0.23556255103445795,0.986720090693867,valid,,normalized mean absolute raw anomaly-score change after feature permutation,20 original OPSSAT-AD extracted features
opssat_ad,isolation_forest,0,4,0.2381902892496522,0.23295199761767246,0.9893084122038158,valid,,normalized mean absolute raw anomaly-score change after feature permutation,20 original OPSSAT-AD extracted features
opssat_ad,isolation_forest,1,2,0.23256687889076527,0.23225340556614915,0.9873028865851039,valid,,normalized mean absolute raw anomaly-score change after feature permutation,20 original OPSSAT-AD extracted features
opssat_ad,isolation_forest,1,3,0.23256687889076527,0.23556255103445795,0.9845360256645567,valid,,normalized mean absolute raw anomaly-score change after feature permutation,20 original OPSSAT-AD extracted features
opssat_ad,isolation_forest,1,4,0.23256687889076527,0.23295199761767246,0.9717070539656434,valid,,normalized mean absolute raw anomaly-score change after feature permutation,20 original OPSSAT-AD extracted features
opssat_ad,isolation_forest,2,3,0.23225340556614915,0.23556255103445795,0.9924961519248373,valid,,normalized mean absolute raw anomaly-score change after feature permutation,20 original OPSSAT-AD extracted features
opssat_ad,isolation_forest,2,4,0.23225340556614915,0.23295199761767246,0.9884229490444327,valid,,normalized mean absolute raw anomaly-score change after feature permutation,20 original OPSSAT-AD extracted features
opssat_ad,isolation_forest,3,4,0.23556255103445795,0.23295199761767246,0.9855517909805971,valid,,normalized mean absolute raw anomaly-score change after feature permutation,20 original OPSSAT-AD extracted features
opssat_ad,logistic,0,1,0.23453683827803148,0.22850296380528828,0.9137403070286856,valid,,normalized absolute fitted coefficients,preprocessed numeric plus one-hot categorical features
opssat_ad,logistic,0,2,0.23453683827803148,0.22958157130368564,0.921998379359659,valid,,normalized absolute fitted coefficients,preprocessed numeric plus one-hot categorical features
opssat_ad,logistic,0,3,0.23453683827803148,0.23497920857012844,0.8753658686706113,valid,,normalized absolute fitted coefficients,preprocessed numeric plus one-hot categorical features
opssat_ad,logistic,0,4,0.23453683827803148,0.22244527212202367,0.9317328805019666,valid,,normalized absolute fitted coefficients,preprocessed numeric plus one-hot categorical features
opssat_ad,logistic,1,2,0.22850296380528828,0.22958157130368564,0.952679304383857,valid,,normalized absolute fitted coefficients,preprocessed numeric plus one-hot categorical features
opssat_ad,logistic,1,3,0.22850296380528828,0.23497920857012844,0.9341198754956982,valid,,normalized absolute fitted coefficients,preprocessed numeric plus one-hot categorical features
opssat_ad,logistic,1,4,0.22850296380528828,0.22244527212202367,0.9507734001072397,valid,,normalized absolute fitted coefficients,preprocessed numeric plus one-hot categorical features
opssat_ad,logistic,2,3,0.22958157130368564,0.23497920857012844,0.9207076051741041,valid,,normalized absolute fitted coefficients,preprocessed numeric plus one-hot categorical features
opssat_ad,logistic,2,4,0.22958157130368564,0.22244527212202367,0.9393484349044471,valid,,normalized absolute fitted coefficients,preprocessed numeric plus one-hot categorical features
opssat_ad,logistic,3,4,0.23497920857012844,0.22244527212202367,0.9722420408389203,valid,,normalized absolute fitted coefficients,preprocessed numeric plus one-hot categorical features
opssat_ad,random_forest,0,1,0.3073530512377335,0.2916810682216979,0.9922242986096089,valid,,normalized intrinsic impurity-based feature importance,preprocessed numeric plus one-hot categorical features
opssat_ad,random_forest,0,2,0.3073530512377335,0.2913567310476871,0.9943269754837675,valid,,normalized intrinsic impurity-based feature importance,preprocessed numeric plus one-hot categorical features
opssat_ad,random_forest,0,3,0.3073530512377335,0.3144429656089118,0.9972741587981818,valid,,normalized intrinsic impurity-based feature importance,preprocessed numeric plus one-hot categorical features
opssat_ad,random_forest,0,4,0.3073530512377335,0.29368174948572706,0.9867877868704785,valid,,normalized intrinsic impurity-based feature importance,preprocessed numeric plus one-hot categorical features
opssat_ad,random_forest,1,2,0.2916810682216979,0.2913567310476871,0.9962513915457665,valid,,normalized intrinsic impurity-based feature importance,preprocessed numeric plus one-hot categorical features
opssat_ad,random_forest,1,3,0.2916810682216979,0.3144429656089118,0.9910620090536972,valid,,normalized intrinsic impurity-based feature importance,preprocessed numeric plus one-hot categorical features
opssat_ad,random_forest,1,4,0.2916810682216979,0.29368174948572706,0.9893811945365186,valid,,normalized intrinsic impurity-based feature importance,preprocessed numeric plus one-hot categorical features
opssat_ad,random_forest,2,3,0.2913567310476871,0.3144429656089118,0.9935020985759199,valid,,normalized intrinsic impurity-based feature importance,preprocessed numeric plus one-hot categorical features
opssat_ad,random_forest,2,4,0.2913567310476871,0.29368174948572706,0.9850095689404856,valid,,normalized intrinsic impurity-based feature importance,preprocessed numeric plus one-hot categorical features
opssat_ad,random_forest,3,4,0.3144429656089118,0.29368174948572706,0.9818803176424518,valid,,normalized intrinsic impurity-based feature importance,preprocessed numeric plus one-hot categorical features
