seed,model,auroc,average_precision,precision_at_1pct_score,precision_at_5pct_score,precision_at_1pct_explanation_rank,precision_at_5pct_explanation_rank,alert_precision_default,mean_explanation_concentration
0,logistic,0.9997216340343242,0.9900589355632992,0.9797979797979798,0.9959677419354839,0.9797979797979798,0.9959677419354839,0.9833194328607172,0.81287026475122
0,random_forest,0.9999980662315687,0.9999859230667444,1.0,1.0,1.0,1.0,1.0,0.3912695936130164
0,hgb,0.9999995165578921,0.9999964218184807,1.0,1.0,1.0,1.0,0.9991539763113367,0.9999999495732428
0,isolation_forest,0.9798275078559343,0.8679560046546703,1.0,0.6834677419354839,1.0,0.9596774193548387,0.7085610200364298,0.4709153852562435
1,logistic,0.998802900652647,0.9972562540620117,1.0,0.9979838709677419,0.9595959595959596,0.9919354838709677,0.9874161073825504,0.5845895031780958
1,random_forest,0.9999086294416243,0.9995950955367244,1.0,1.0,1.0,1.0,0.9991503823279524,0.6956622161508009
1,hgb,0.9999724437998551,0.9998189769349632,1.0,1.0,1.0,1.0,0.99830220713073,0.9978680711800629
1,isolation_forest,0.9930366932559826,0.960374149204457,1.0,0.8911290322580645,1.0,0.9919354838709677,0.7197530864197531,0.4534860192333472
2,logistic,0.9990214164853759,0.998321966996738,1.0,1.0,0.9595959595959596,0.9919354838709677,0.9882352941176471,0.8543243913178121
2,random_forest,0.9994623156876965,0.9992685929641415,1.0,1.0,1.0,1.0,1.0,0.895432216132634
2,hgb,0.9999084844089919,0.9995069247346444,1.0,1.0,1.0,1.0,0.9991489361702127,0.9947303178340972
2,isolation_forest,0.9944891467246797,0.9693306538850366,1.0,0.9435483870967742,0.98989898989899,0.9959677419354839,0.7153419593345656,0.4616436004808543
3,logistic,0.999069664007735,0.9987183030290951,1.0,1.0,1.0,1.0,0.9915682967959528,0.8188920230717572
3,random_forest,0.9999030215131738,0.9995558033969995,1.0,1.0,1.0,1.0,0.9991503823279524,0.5273184672852119
3,hgb,0.9999204254290548,0.9995954026777062,1.0,1.0,1.0,1.0,0.9991511035653651,0.9878763143035004
3,isolation_forest,0.9964447667391829,0.9869996448147411,1.0,0.9879032258064516,1.0,1.0,0.6732101616628176,0.46005341902220054
4,logistic,0.999501861252115,0.9833327520487614,0.9595959595959596,0.9919354838709677,0.9191919191919192,0.9838709677419355,0.9841402337228714,0.718931476451902
4,random_forest,0.9999964225284022,0.999974073831523,1.0,1.0,1.0,1.0,1.0,4.980469878809371e-09
4,hgb,0.9999886874546773,0.9999188729489352,1.0,1.0,1.0,1.0,1.0,0.9999999524192964
4,isolation_forest,0.9947303843364756,0.9700459788783374,1.0,0.9395161290322581,0.98989898989899,0.9979838709677419,0.6431718061674009,0.45232441939974355
