population,seed,contrast,value
primary_five_models,1000,C1,0.05497640473818654
primary_five_models,1000,C2,-0.01693990322327083
primary_five_models,1000,C3,0.030931406647856922
primary_five_models,1000,C4,-0.04767553469804153
primary_five_models,1001,C1,0.027800094343650085
primary_five_models,1001,C2,-0.032751033672021375
primary_five_models,1001,C3,0.03775599076773113
primary_five_models,1001,C4,-0.06856384106472366
primary_five_models,1002,C1,0.04580839479496847
primary_five_models,1002,C2,-0.008129250170293782
primary_five_models,1002,C3,0.01543643529541135
primary_five_models,1002,C4,-0.003637371576050239
primary_five_models,1003,C1,0.021687656442229718
primary_five_models,1003,C2,-0.031102515335179826
primary_five_models,1003,C3,0.04543095083523419
primary_five_models,1003,C4,-0.12624093548326842
primary_five_models,1004,C1,0.04201533326130476
primary_five_models,1004,C2,-0.03506425132243695
primary_five_models,1004,C3,0.047440701748004
primary_five_models,1004,C4,-0.11771997614762986
primary_five_models,1005,C1,0.04948907294796514
primary_five_models,1005,C2,-0.021387150338380245
primary_five_models,1005,C3,0.03191630737864633
primary_five_models,1005,C4,-0.06622664708504106
primary_five_models,1006,C1,0.036388855806061673
primary_five_models,1006,C2,-0.032945799719212604
primary_five_models,1006,C3,0.04485134593285559
primary_five_models,1006,C4,-0.11149262531188477
primary_five_models,1007,C1,0.04752286272683442
primary_five_models,1007,C2,-0.02212872358927872
primary_five_models,1007,C3,0.031770526462763383
primary_five_models,1007,C4,-0.033017580412265546
primary_five_models,1008,C1,0.04598971041573138
primary_five_models,1008,C2,-0.026758150143966715
primary_five_models,1008,C3,0.03249086927834323
primary_five_models,1008,C4,-0.04298365127967766
primary_five_models,1009,C1,0.03724606038325912
primary_five_models,1009,C2,-0.03854031254759707
primary_five_models,1009,C3,0.03863396703045547
primary_five_models,1009,C4,-0.06055379740994124
primary_five_models,1010,C1,0.04362044004420554
primary_five_models,1010,C2,-0.014746257500222881
primary_five_models,1010,C3,0.02555697218602249
primary_five_models,1010,C4,-0.028306228537517856
primary_five_models,1011,C1,0.04452342642224259
primary_five_models,1011,C2,-0.015053052077642508
primary_five_models,1011,C3,0.021912087866242214
primary_five_models,1011,C4,-0.0754963594260639
primary_five_models,1012,C1,0.0406876971595613
primary_five_models,1012,C2,-0.0288404492936724
primary_five_models,1012,C3,0.026379169516160587
primary_five_models,1012,C4,-0.04216648577026673
primary_five_models,1013,C1,0.05166161368942304
primary_five_models,1013,C2,-0.019802096697255238
primary_five_models,1013,C3,0.041292788752459925
primary_five_models,1013,C4,-0.07789959689903464
primary_five_models,1014,C1,0.049377632821223566
primary_five_models,1014,C2,-0.018022205865633092
primary_five_models,1014,C3,0.035024558422372766
primary_five_models,1014,C4,-0.07865839553947673
primary_five_models,1015,C1,0.039215041035214414
primary_five_models,1015,C2,-0.02520321470931621
primary_five_models,1015,C3,0.02848375191014469
primary_five_models,1015,C4,-0.094789809559847
primary_five_models,1016,C1,0.03378627202201789
primary_five_models,1016,C2,-0.03563469773013052
primary_five_models,1016,C3,0.027242379835041942
primary_five_models,1016,C4,-0.08746996023547671
primary_five_models,1017,C1,0.0591232962202866
primary_five_models,1017,C2,-0.0172131605657368
primary_five_models,1017,C3,0.0394541993599395
primary_five_models,1017,C4,-0.07194503884616046
primary_five_models,1018,C1,0.03995348308163983
primary_five_models,1018,C2,-0.025514422300911013
primary_five_models,1018,C3,0.02805738577813228
primary_five_models,1018,C4,-0.05187652664165063
primary_five_models,1019,C1,0.039036130542775556
primary_five_models,1019,C2,-0.021789038309172976
primary_five_models,1019,C3,0.015630778474335416
primary_five_models,1019,C4,-0.06546968079921157
primary_five_models,1020,C1,0.03721046422511834
primary_five_models,1020,C2,-0.012503929811139246
primary_five_models,1020,C3,0.014247330671973878
primary_five_models,1020,C4,-0.028230842498671797
primary_five_models,1021,C1,0.02873816328519475
primary_five_models,1021,C2,-0.0430684595292211
primary_five_models,1021,C3,0.03875793426322225
primary_five_models,1021,C4,-0.08522414360278378
primary_five_models,1022,C1,0.03623053697296843
primary_five_models,1022,C2,-0.02191010844115151
primary_five_models,1022,C3,0.03014925980940381
primary_five_models,1022,C4,-0.055858858090493846
primary_five_models,1023,C1,0.06343143279323193
primary_five_models,1023,C2,-0.01493420049235266
primary_five_models,1023,C3,0.04803581334096153
primary_five_models,1023,C4,-0.060391107483937556
primary_five_models,1024,C1,0.045073545815545735
primary_five_models,1024,C2,-0.024102689075403028
primary_five_models,1024,C3,0.02915070384130602
primary_five_models,1024,C4,-0.05693994777992366
primary_five_models,1025,C1,0.044355398044235314
primary_five_models,1025,C2,-0.01400100071383533
primary_five_models,1025,C3,0.037011759488248606
primary_five_models,1025,C4,-0.05131757437789714
primary_five_models,1026,C1,0.047409334869014
primary_five_models,1026,C2,-0.020774169732156844
primary_five_models,1026,C3,0.03115407504016646
primary_five_models,1026,C4,-0.055495661002246344
primary_five_models,1027,C1,0.043373260893429154
primary_five_models,1027,C2,-0.017252858228339996
primary_five_models,1027,C3,0.027640085594181376
primary_five_models,1027,C4,-0.0529652655403396
primary_five_models,1028,C1,0.05964046684047224
primary_five_models,1028,C2,-0.009993299569240503
primary_five_models,1028,C3,0.021425513874700087
primary_five_models,1028,C4,-0.05651126141356469
primary_five_models,1029,C1,0.0261546066399723
primary_five_models,1029,C2,-0.05343748875414664
primary_five_models,1029,C3,0.058330087687252
primary_five_models,1029,C4,-0.11998019948148891
primary_five_models,1030,C1,0.041715379957013084
primary_five_models,1030,C2,-0.024823189629148958
primary_five_models,1030,C3,0.04351607581417302
primary_five_models,1030,C4,-0.0843556922659284
primary_five_models,1031,C1,0.03344994636468037
primary_five_models,1031,C2,-0.03811958399472351
primary_five_models,1031,C3,0.04607090479300012
primary_five_models,1031,C4,-0.06352223437979257
primary_five_models,1032,C1,0.04303398043650514
primary_five_models,1032,C2,-0.020718802914199218
primary_five_models,1032,C3,0.0352958907408003
primary_five_models,1032,C4,-0.08399144405425246
primary_five_models,1033,C1,0.023669632714367374
primary_five_models,1033,C2,-0.03901053027373125
primary_five_models,1033,C3,0.028725568223177782
primary_five_models,1033,C4,-0.07233973083640241
primary_five_models,1034,C1,0.03502810491499222
primary_five_models,1034,C2,-0.02266298625262012
primary_five_models,1034,C3,0.04470874071255191
primary_five_models,1034,C4,-0.08332597567620925
primary_five_models,1035,C1,0.0428438581161959
primary_five_models,1035,C2,-0.02211150299602451
primary_five_models,1035,C3,0.03895584797050647
primary_five_models,1035,C4,-0.05470681730332799
primary_five_models,1036,C1,0.05105285253441863
primary_five_models,1036,C2,-0.01602153890713383
primary_five_models,1036,C3,0.03288219346832178
primary_five_models,1036,C4,-0.039162790978364094
primary_five_models,1037,C1,0.04441821220631907
primary_five_models,1037,C2,-0.017454744447403196
primary_five_models,1037,C3,0.02652357460294162
primary_five_models,1037,C4,-0.06756371468564655
primary_five_models,1038,C1,0.0016614396424812867
primary_five_models,1038,C2,-0.06280007794837641
primary_five_models,1038,C3,0.051475520002120675
primary_five_models,1038,C4,-0.11771697636216473
primary_five_models,1039,C1,0.05191422116289851
primary_five_models,1039,C2,-0.019504901270532376
primary_five_models,1039,C3,0.04649528001516147
primary_five_models,1039,C4,-0.0649827749619435
sensitivity_all_six,1000,C1,0.05560539695575499
sensitivity_all_six,1000,C2,-0.012965029501347024
sensitivity_all_six,1000,C3,0.026577204521927317
sensitivity_all_six,1000,C4,-0.024290592258694482
sensitivity_all_six,1001,C1,0.03546158913111828
sensitivity_all_six,1001,C2,-0.023882868751675335
sensitivity_all_six,1001,C3,0.02849641873235106
sensitivity_all_six,1001,C4,-0.05192881782375548
sensitivity_all_six,1002,C1,0.05417623599442145
sensitivity_all_six,1002,C2,-0.0038626777141394187
sensitivity_all_six,1002,C3,0.011155452829280436
sensitivity_all_six,1002,C4,0.02055066580929104
sensitivity_all_six,1003,C1,0.027135459154743302
sensitivity_all_six,1003,C2,-0.02728723805404179
sensitivity_all_six,1003,C3,0.0375435503204979
sensitivity_all_six,1003,C4,-0.09770420180257776
sensitivity_all_six,1004,C1,0.049440991130954584
sensitivity_all_six,1004,C2,-0.026510531076398208
sensitivity_all_six,1004,C3,0.04196581303977828
sensitivity_all_six,1004,C4,-0.09612049005221135
sensitivity_all_six,1005,C1,0.05200368419330599
sensitivity_all_six,1005,C2,-0.017474628830316447
sensitivity_all_six,1005,C3,0.026326724702394437
sensitivity_all_six,1005,C4,-0.04847895849968345
sensitivity_all_six,1006,C1,0.03899001781834227
sensitivity_all_six,1006,C2,-0.028499125816430666
sensitivity_all_six,1006,C3,0.037577597372693596
sensitivity_all_six,1006,C4,-0.09325328928564114
sensitivity_all_six,1007,C1,0.046456598130421675
sensitivity_all_six,1007,C2,-0.018910955271829396
sensitivity_all_six,1007,C3,0.028200726284564832
sensitivity_all_six,1007,C4,-0.014890298689386613
sensitivity_all_six,1008,C1,0.04385654806555802
sensitivity_all_six,1008,C2,-0.02317395006409132
sensitivity_all_six,1008,C3,0.026893768899195446
sensitivity_all_six,1008,C4,-0.03288879945416454
sensitivity_all_six,1009,C1,0.041719879193632126
sensitivity_all_six,1009,C2,-0.03099661347645216
sensitivity_all_six,1009,C3,0.033284229688297126
sensitivity_all_six,1009,C4,-0.045194661742789306
sensitivity_all_six,1010,C1,0.042078069013185254
sensitivity_all_six,1010,C2,-0.014592009349683539
sensitivity_all_six,1010,C3,0.023956081075071314
sensitivity_all_six,1010,C4,-0.014619540094921375
sensitivity_all_six,1011,C1,0.0416956353366248
sensitivity_all_six,1011,C2,-0.015483697928271874
sensitivity_all_six,1011,C3,0.01666844294376871
sensitivity_all_six,1011,C4,-0.0610504214792414
sensitivity_all_six,1012,C1,0.039641452473418715
sensitivity_all_six,1012,C2,-0.024906883382569044
sensitivity_all_six,1012,C3,0.02301928523251527
sensitivity_all_six,1012,C4,-0.038570106458249
sensitivity_all_six,1013,C1,0.057289568864209856
sensitivity_all_six,1013,C2,-0.01655684512125164
sensitivity_all_six,1013,C3,0.03644462023020246
sensitivity_all_six,1013,C4,-0.0576126943964514
sensitivity_all_six,1014,C1,0.05117799047945715
sensitivity_all_six,1014,C2,-0.016191696045881315
sensitivity_all_six,1014,C3,0.029790563667617054
sensitivity_all_six,1014,C4,-0.054496081135246066
sensitivity_all_six,1015,C1,0.04241769503838379
sensitivity_all_six,1015,C2,-0.020707490992854537
sensitivity_all_six,1015,C3,0.023915781608409622
sensitivity_all_six,1015,C4,-0.06836488292946423
sensitivity_all_six,1016,C1,0.035680366932567445
sensitivity_all_six,1016,C2,-0.030814454151557237
sensitivity_all_six,1016,C3,0.019705929165295656
sensitivity_all_six,1016,C4,-0.07662309059306459
sensitivity_all_six,1017,C1,0.05876946844968699
sensitivity_all_six,1017,C2,-0.012154320312717173
sensitivity_all_six,1017,C3,0.03369204595912497
sensitivity_all_six,1017,C4,-0.052243934185266454
sensitivity_all_six,1018,C1,0.0422272541971801
sensitivity_all_six,1018,C2,-0.0210508366289967
sensitivity_all_six,1018,C3,0.02572481964632303
sensitivity_all_six,1018,C4,-0.033864587041906424
sensitivity_all_six,1019,C1,0.04366543980872341
sensitivity_all_six,1019,C2,-0.01804385798251188
sensitivity_all_six,1019,C3,0.014904899144225721
sensitivity_all_six,1019,C4,-0.056192677527196616
sensitivity_all_six,1020,C1,0.03668587594436566
sensitivity_all_six,1020,C2,-0.009207257361549542
sensitivity_all_six,1020,C3,0.013543177506805542
sensitivity_all_six,1020,C4,-0.014504487479883761
sensitivity_all_six,1021,C1,0.0379003531206524
sensitivity_all_six,1021,C2,-0.036531891851469135
sensitivity_all_six,1021,C3,0.03388229065196581
sensitivity_all_six,1021,C4,-0.041058409992113264
sensitivity_all_six,1022,C1,0.04009961816522717
sensitivity_all_six,1022,C2,-0.018208146902997602
sensitivity_all_six,1022,C3,0.019923691217526174
sensitivity_all_six,1022,C4,-0.018832350244059326
sensitivity_all_six,1023,C1,0.06083736334886288
sensitivity_all_six,1023,C2,-0.012361712886863987
sensitivity_all_six,1023,C3,0.029773198518495553
sensitivity_all_six,1023,C4,-0.027559378297817624
sensitivity_all_six,1024,C1,0.04516229373036373
sensitivity_all_six,1024,C2,-0.021069261336420765
sensitivity_all_six,1024,C3,0.024913623613503383
sensitivity_all_six,1024,C4,-0.04160013484775386
sensitivity_all_six,1025,C1,0.045881834963277454
sensitivity_all_six,1025,C2,-0.012346717398071513
sensitivity_all_six,1025,C3,0.032484656499963044
sensitivity_all_six,1025,C4,-0.03679009862161727
sensitivity_all_six,1026,C1,0.052991079018010714
sensitivity_all_six,1026,C2,-0.0145073516522926
sensitivity_all_six,1026,C3,0.028004123283536315
sensitivity_all_six,1026,C4,-0.03235731922570821
sensitivity_all_six,1027,C1,0.04899035856082915
sensitivity_all_six,1027,C2,-0.013365884464112025
sensitivity_all_six,1027,C3,0.02267211205671673
sensitivity_all_six,1027,C4,-0.037446075252842506
sensitivity_all_six,1028,C1,0.05911924186225468
sensitivity_all_six,1028,C2,-0.007355051428752204
sensitivity_all_six,1028,C3,0.017986136756000352
sensitivity_all_six,1028,C4,-0.04500215378434766
sensitivity_all_six,1029,C1,0.03233031764321642
sensitivity_all_six,1029,C2,-0.04829135795502268
sensitivity_all_six,1029,C3,0.050042843185419045
sensitivity_all_six,1029,C4,-0.08943608576494486
sensitivity_all_six,1030,C1,0.044863641508768676
sensitivity_all_six,1030,C2,-0.022215635815716006
sensitivity_all_six,1030,C3,0.03780794016505242
sensitivity_all_six,1030,C4,-0.05906223959116673
sensitivity_all_six,1031,C1,0.04060956596483405
sensitivity_all_six,1031,C2,-0.02952472174249151
sensitivity_all_six,1031,C3,0.03772708521612422
sensitivity_all_six,1031,C4,-0.03449376102626049
sensitivity_all_six,1032,C1,0.040086835924658594
sensitivity_all_six,1032,C2,-0.01951150547548749
sensitivity_all_six,1032,C3,0.02408794672750858
sensitivity_all_six,1032,C4,-0.08014871275712256
sensitivity_all_six,1033,C1,0.029552123945096917
sensitivity_all_six,1033,C2,-0.030680898243982395
sensitivity_all_six,1033,C3,0.02198892772577398
sensitivity_all_six,1033,C4,-0.04693717530001345
sensitivity_all_six,1034,C1,0.03346865660523178
sensitivity_all_six,1034,C2,-0.01991568482544915
sensitivity_all_six,1034,C3,0.03808509966756626
sensitivity_all_six,1034,C4,-0.07778465018168518
sensitivity_all_six,1035,C1,0.04086813446059048
sensitivity_all_six,1035,C2,-0.01849428165165041
sensitivity_all_six,1035,C3,0.03381177600232028
sensitivity_all_six,1035,C4,-0.044682493039249226
sensitivity_all_six,1036,C1,0.05622506630759379
sensitivity_all_six,1036,C2,-0.010875278167093378
sensitivity_all_six,1036,C3,0.028897178832458056
sensitivity_all_six,1036,C4,-0.011697994880719754
sensitivity_all_six,1037,C1,0.04153272450561202
sensitivity_all_six,1037,C2,-0.014419598434119354
sensitivity_all_six,1037,C3,0.023114958251757137
sensitivity_all_six,1037,C4,-0.06429753744928152
sensitivity_all_six,1038,C1,0.0073099085981660995
sensitivity_all_six,1038,C2,-0.055970675329622924
sensitivity_all_six,1038,C3,0.04385260416580311
sensitivity_all_six,1038,C4,-0.10298008276515871
sensitivity_all_six,1039,C1,0.044460718828662885
sensitivity_all_six,1039,C2,-0.016906193250017652
sensitivity_all_six,1039,C3,0.0400832602946538
sensitivity_all_six,1039,C4,-0.057565559725063525
descriptive_lr,1000,C1,0.06417457472870206
descriptive_lr,1000,C2,-0.01915600726106037
descriptive_lr,1000,C3,0.0007324244445288952
descriptive_lr,1000,C4,-0.018304463085933143
descriptive_lr,1001,C1,0.05738785305832236
descriptive_lr,1001,C2,-0.019883717545698038
descriptive_lr,1001,C3,0.014296784666872175
descriptive_lr,1001,C4,0.01945948566400918
descriptive_lr,1002,C1,0.04936523921465022
descriptive_lr,1002,C2,-0.011567255768286822
descriptive_lr,1002,C3,-0.0006074069367179025
descriptive_lr,1002,C4,0.07005561600372612
descriptive_lr,1003,C1,0.016410719198062584
descriptive_lr,1003,C2,-0.032172238182293006
descriptive_lr,1003,C3,0.03500382428902782
descriptive_lr,1003,C4,-0.14100213817030438
descriptive_lr,1004,C1,0.056495273285923076
descriptive_lr,1004,C2,-0.03062033413060808
descriptive_lr,1004,C3,0.011420194018090662
descriptive_lr,1004,C4,-0.05596254768242509
descriptive_lr,1005,C1,0.054826612249917
descriptive_lr,1005,C2,-0.03439481161173982
descriptive_lr,1005,C3,0.03929895842058492
descriptive_lr,1005,C4,-0.06457018546439264
descriptive_lr,1006,C1,0.0401633460803065
descriptive_lr,1006,C2,-0.02153047823714002
descriptive_lr,1006,C3,0.04037571837964382
descriptive_lr,1006,C4,-0.05850591442711367
descriptive_lr,1007,C1,0.0520299871053887
descriptive_lr,1007,C2,-0.020662586022063056
descriptive_lr,1007,C3,0.010075440612123038
descriptive_lr,1007,C4,0.05675006094133933
descriptive_lr,1008,C1,0.033637639038363504
descriptive_lr,1008,C2,-0.04657966252940707
descriptive_lr,1008,C3,0.03171139945710408
descriptive_lr,1008,C4,-0.036747076489104025
descriptive_lr,1009,C1,0.061947681362223894
descriptive_lr,1009,C2,-0.02641369047619041
descriptive_lr,1009,C3,0.03189457662767575
descriptive_lr,1009,C4,-0.021574959469096378
descriptive_lr,1010,C1,0.029581366100470047
descriptive_lr,1010,C2,-0.02191011006597432
descriptive_lr,1010,C3,0.014493312955810106
descriptive_lr,1010,C4,0.03803134694073618
descriptive_lr,1011,C1,0.05083501875458443
descriptive_lr,1011,C2,-0.007406423667865425
descriptive_lr,1011,C3,0.0251635632979679
descriptive_lr,1011,C4,-0.06442599487732392
descriptive_lr,1012,C1,0.026661047854707992
descriptive_lr,1012,C2,-0.044762217839141
descriptive_lr,1012,C3,0.01972243170182192
descriptive_lr,1012,C4,-0.05796217082606275
descriptive_lr,1013,C1,0.05108943675104924
descriptive_lr,1013,C2,-0.021852142705393263
descriptive_lr,1013,C3,0.010853511878733263
descriptive_lr,1013,C4,-0.049655369768562774
descriptive_lr,1014,C1,0.0648627968932863
descriptive_lr,1014,C2,-0.010628090033827725
descriptive_lr,1014,C3,0.01465030865288039
descriptive_lr,1014,C4,-0.03204176253949764
descriptive_lr,1015,C1,0.05493697734292996
descriptive_lr,1015,C2,-0.01101429527634347
descriptive_lr,1015,C3,0.007454085326119131
descriptive_lr,1015,C4,-0.06790037955857853
descriptive_lr,1016,C1,0.05637094276562152
descriptive_lr,1016,C2,-0.024448032759203125
descriptive_lr,1016,C3,-0.00364067646289451
descriptive_lr,1016,C4,-0.07211831093774285
descriptive_lr,1017,C1,0.07307195839835415
descriptive_lr,1017,C2,-0.0049250348675034805
descriptive_lr,1017,C3,0.010459029815753612
descriptive_lr,1017,C4,-0.07237626456445267
descriptive_lr,1018,C1,0.04218728893613913
descriptive_lr,1018,C2,-0.03917694843819042
descriptive_lr,1018,C3,0.0027736505437469805
descriptive_lr,1018,C4,0.004142420730196439
descriptive_lr,1019,C1,0.037090943710124336
descriptive_lr,1019,C2,-0.03534626216077824
descriptive_lr,1019,C3,0.0060433656834833205
descriptive_lr,1019,C4,-0.06054048952165697
descriptive_lr,1020,C1,0.04336393698805782
descriptive_lr,1020,C2,-0.023311444762653427
descriptive_lr,1020,C3,0.0020301829646979797
descriptive_lr,1020,C4,-0.003994928063126346
descriptive_lr,1021,C1,0.0004957016703536765
descriptive_lr,1021,C2,-0.09061557717471677
descriptive_lr,1021,C3,0.0245853804067811
descriptive_lr,1021,C4,-0.04213451150364844
descriptive_lr,1022,C1,0.04185520035281093
descriptive_lr,1022,C2,-0.013583603896103968
descriptive_lr,1022,C3,0.01499023532779109
descriptive_lr,1022,C4,-0.03106825981449357
descriptive_lr,1023,C1,0.08029018836283769
descriptive_lr,1023,C2,-0.023743900932616746
descriptive_lr,1023,C3,0.025929904038925006
descriptive_lr,1023,C4,-0.008472114119215057
descriptive_lr,1024,C1,0.05965232053157016
descriptive_lr,1024,C2,-0.0215087281795511
descriptive_lr,1024,C3,0.00011272004507123512
descriptive_lr,1024,C4,0.026714210235822655
descriptive_lr,1025,C1,0.04202951599209154
descriptive_lr,1025,C2,-0.027708290571976102
descriptive_lr,1025,C3,0.007452451979070296
descriptive_lr,1025,C4,0.025680440380899006
descriptive_lr,1026,C1,0.05255309023917501
descriptive_lr,1026,C2,-0.023872401073105176
descriptive_lr,1026,C3,-0.004517300502035609
descriptive_lr,1026,C4,0.012286298028713616
descriptive_lr,1027,C1,0.04729706731857761
descriptive_lr,1027,C2,-0.03273647909456184
descriptive_lr,1027,C3,0.001117463955204484
descriptive_lr,1027,C4,0.02512213278761699
descriptive_lr,1028,C1,0.08099655121649088
descriptive_lr,1028,C2,-0.010798745173745183
descriptive_lr,1028,C3,-0.015110015087521772
descriptive_lr,1028,C4,0.018193900931538276
descriptive_lr,1029,C1,-0.019530443327601288
descriptive_lr,1029,C2,-0.1152761694837206
descriptive_lr,1029,C3,0.04196125979417814
descriptive_lr,1029,C4,-0.06723700842469138
descriptive_lr,1030,C1,0.04392401715174826
descriptive_lr,1030,C2,-0.03815814943863716
descriptive_lr,1030,C3,0.021827715262078023
descriptive_lr,1030,C4,-0.03545276638096656
descriptive_lr,1031,C1,0.021213044961262056
descriptive_lr,1031,C2,-0.06589056375615052
descriptive_lr,1031,C3,0.030455764351173392
descriptive_lr,1031,C4,-0.032540506735651675
descriptive_lr,1032,C1,0.046369049785962166
descriptive_lr,1032,C2,-0.015767278698313
descriptive_lr,1032,C3,-0.002173062069803583
descriptive_lr,1032,C4,-0.02741759075235109
descriptive_lr,1033,C1,-0.0017509625694899777
descriptive_lr,1033,C2,-0.07561711967449666
descriptive_lr,1033,C3,0.025203728273291565
descriptive_lr,1033,C4,-0.021946282611157775
descriptive_lr,1034,C1,0.0357422402736558
descriptive_lr,1034,C2,-0.01662851037851043
descriptive_lr,1034,C3,0.05386098928018529
descriptive_lr,1034,C4,-0.07892544841551252
descriptive_lr,1035,C1,0.029166286514879514
descriptive_lr,1035,C2,-0.029812954341256137
descriptive_lr,1035,C3,0.03149099694440488
descriptive_lr,1035,C4,-0.019194639100677757
descriptive_lr,1036,C1,0.05861791970102251
descriptive_lr,1036,C2,-0.016068286288874467
descriptive_lr,1036,C3,0.010105213441336386
descriptive_lr,1036,C4,0.02874101396072193
descriptive_lr,1037,C1,0.05467012193880569
descriptive_lr,1037,C2,-0.012799151192008335
descriptive_lr,1037,C3,0.00922759859393521
descriptive_lr,1037,C4,-0.03379989246172943
descriptive_lr,1038,C1,-0.03451360287005542
descriptive_lr,1038,C2,-0.10193452380952375
descriptive_lr,1038,C3,0.012877508261600834
descriptive_lr,1038,C4,-0.060791370810280354
descriptive_lr,1039,C1,0.04819327063812648
descriptive_lr,1039,C2,-0.022592456226476737
descriptive_lr,1039,C3,0.012428924037816563
descriptive_lr,1039,C4,0.02076930662315346
descriptive_dtree,1000,C1,0.058750358043597226
descriptive_dtree,1000,C2,0.006909339108272031
descriptive_dtree,1000,C3,0.0048061938922792785
descriptive_dtree,1000,C4,0.09263411993804077
descriptive_dtree,1001,C1,0.07376906306845925
descriptive_dtree,1001,C2,0.020457955850054887
descriptive_dtree,1001,C3,-0.017801441444549287
descriptive_dtree,1001,C4,0.031246298381085363
descriptive_dtree,1002,C1,0.09601544199168635
descriptive_dtree,1002,C2,0.017470184566632393
descriptive_dtree,1002,C3,-0.010249459501374139
descriptive_dtree,1002,C4,0.14149085273599746
descriptive_dtree,1003,C1,0.05437447271731126
descriptive_dtree,1003,C2,-0.008210851648351628
descriptive_dtree,1003,C3,-0.0018934522531835751
descriptive_dtree,1003,C4,0.04497946660087562
descriptive_dtree,1004,C1,0.08656928047920369
descriptive_dtree,1004,C2,0.01625807015379553
descriptive_dtree,1004,C3,0.014591369498649712
descriptive_dtree,1004,C4,0.011876940424881133
descriptive_dtree,1005,C1,0.06457674042001021
descriptive_dtree,1005,C2,0.002087978710002547
descriptive_dtree,1005,C3,-0.0016211886788650154
descriptive_dtree,1005,C4,0.04025948442710453
descriptive_dtree,1006,C1,0.05199582787974526
descriptive_dtree,1006,C2,-0.006265756302520992
descriptive_dtree,1006,C3,0.0012088545718836191
descriptive_dtree,1006,C4,-0.002056609154423128
descriptive_dtree,1007,C1,0.04112527514835798
descriptive_dtree,1007,C2,-0.0028221136845827666
descriptive_dtree,1007,C3,0.010351725393572098
descriptive_dtree,1007,C4,0.07574610992500802
descriptive_dtree,1008,C1,0.03319073631469122
descriptive_dtree,1008,C2,-0.00525294966471436
descriptive_dtree,1008,C3,-0.0010917329965434985
descriptive_dtree,1008,C4,0.01758545967340107
descriptive_dtree,1009,C1,0.06408897324549714
descriptive_dtree,1009,C2,0.006721881879272397
descriptive_dtree,1009,C3,0.006535542977505408
descriptive_dtree,1009,C4,0.03160101659297039
descriptive_dtree,1010,C1,0.034366213858083854
descriptive_dtree,1010,C2,-0.013820768596986818
descriptive_dtree,1010,C3,0.015951625520315448
descriptive_dtree,1010,C4,0.05381390211806103
descriptive_dtree,1011,C1,0.027556679908535858
descriptive_dtree,1011,C2,-0.017636927181418703
descriptive_dtree,1011,C3,-0.009549781668598788
descriptive_dtree,1011,C4,0.011179268254871158
descriptive_dtree,1012,C1,0.03441022904270581
descriptive_dtree,1012,C2,-0.005239053827052267
descriptive_dtree,1012,C3,0.006219863814288684
descriptive_dtree,1012,C4,-0.020588209898160376
descriptive_dtree,1013,C1,0.08542934473814391
descriptive_dtree,1013,C2,-0.0003305872412336375
descriptive_dtree,1013,C3,0.012203777618915126
descriptive_dtree,1013,C4,0.043821818116464795
descriptive_dtree,1014,C1,0.0601797787706251
descriptive_dtree,1014,C2,-0.007039146947122404
descriptive_dtree,1014,C3,0.0036205898938385384
descriptive_dtree,1014,C4,0.06631549088590723
descriptive_dtree,1015,C1,0.05843096505423061
descriptive_dtree,1015,C2,0.001771127589453865
descriptive_dtree,1015,C3,0.0010759300997342652
descriptive_dtree,1015,C4,0.06375975022244962
descriptive_dtree,1016,C1,0.04515084148531523
descriptive_dtree,1016,C2,-0.006713236258690858
descriptive_dtree,1016,C3,-0.017976324183435782
descriptive_dtree,1016,C4,-0.022388742381004023
descriptive_dtree,1017,C1,0.057000329596688916
descriptive_dtree,1017,C2,0.013139880952380958
descriptive_dtree,1017,C3,0.004881278955052373
descriptive_dtree,1017,C4,0.04626158911920357
descriptive_dtree,1018,C1,0.05359610977488144
descriptive_dtree,1018,C2,0.0012670917305748625
descriptive_dtree,1018,C3,0.014061988987276758
descriptive_dtree,1018,C4,0.05619511095681462
descriptive_dtree,1019,C1,0.06681198613846266
descriptive_dtree,1019,C2,0.0006820436507935929
descriptive_dtree,1019,C3,0.011275502493677245
descriptive_dtree,1019,C4,-0.009807661167121784
descriptive_dtree,1020,C1,0.03406293454060227
descriptive_dtree,1020,C2,0.007276104886398974
descriptive_dtree,1020,C3,0.01002241168096385
descriptive_dtree,1020,C4,0.05412728761405643
descriptive_dtree,1021,C1,0.0837113022979407
descriptive_dtree,1021,C2,-0.0038490534627092926
descriptive_dtree,1021,C3,0.00950407259568363
descriptive_dtree,1021,C4,0.1797702580612393
descriptive_dtree,1022,C1,0.059445024126520876
descriptive_dtree,1022,C2,0.0003016607877719263
descriptive_dtree,1022,C3,-0.031204151741862002
descriptive_dtree,1022,C4,0.16630018898811325
descriptive_dtree,1023,C1,0.04786701612701758
descriptive_dtree,1023,C2,0.0005007251405793681
descriptive_dtree,1023,C3,-0.06153987559383435
descriptive_dtree,1023,C4,0.13659926763278207
descriptive_dtree,1024,C1,0.04560603330445369
descriptive_dtree,1024,C2,-0.005902122641509432
descriptive_dtree,1024,C3,0.0037282224744902004
descriptive_dtree,1024,C4,0.03509892981309512
descriptive_dtree,1025,C1,0.05351401955848812
descriptive_dtree,1025,C2,-0.004075300819252427
descriptive_dtree,1025,C3,0.00984914155853523
descriptive_dtree,1025,C4,0.03584728015978211
descriptive_dtree,1026,C1,0.08089979976299433
descriptive_dtree,1026,C2,0.01682673874702862
descriptive_dtree,1026,C3,0.01225436450038557
descriptive_dtree,1026,C4,0.08333438965698252
descriptive_dtree,1027,C1,0.07707584689782918
descriptive_dtree,1027,C2,0.0060689843570278235
descriptive_dtree,1027,C3,-0.002167755630606491
descriptive_dtree,1027,C4,0.04014987618464298
descriptive_dtree,1028,C1,0.05651311697116688
descriptive_dtree,1028,C2,0.005836189273689285
descriptive_dtree,1028,C3,0.0007892511625016765
descriptive_dtree,1028,C4,0.012543384361737464
descriptive_dtree,1029,C1,0.063208872659437
descriptive_dtree,1029,C2,-0.022560703959402892
descriptive_dtree,1029,C3,0.008606620676254242
descriptive_dtree,1029,C4,0.0632844828177754
descriptive_dtree,1030,C1,0.06060494926754664
descriptive_dtree,1030,C2,-0.009177866748551256
descriptive_dtree,1030,C3,0.00926726191944939
descriptive_dtree,1030,C4,0.0674050237826416
descriptive_dtree,1031,C1,0.07640766396560245
descriptive_dtree,1031,C2,0.013449589518668467
descriptive_dtree,1031,C3,-0.003992012668255274
descriptive_dtree,1031,C4,0.1106486057413999
descriptive_dtree,1032,C1,0.025351113365425892
descriptive_dtree,1032,C2,-0.01347501828192886
descriptive_dtree,1032,C3,-0.03195177333895001
descriptive_dtree,1032,C4,-0.060935056271473026
descriptive_dtree,1033,C1,0.05896458009874466
descriptive_dtree,1033,C2,0.01096726190476189
descriptive_dtree,1033,C3,-0.011694274761245044
descriptive_dtree,1033,C4,0.08007560238193141
descriptive_dtree,1034,C1,0.025671415056429614
descriptive_dtree,1034,C2,-0.006179177689594306
descriptive_dtree,1034,C3,0.004966894442637981
descriptive_dtree,1034,C4,-0.05007802270906481
descriptive_dtree,1035,C1,0.030989516182563383
descriptive_dtree,1035,C2,-0.0004081749297799031
descriptive_dtree,1035,C3,0.008091416161389337
descriptive_dtree,1035,C4,0.005439128281144581
descriptive_dtree,1036,C1,0.08208613517346959
descriptive_dtree,1036,C2,0.014856025533108885
descriptive_dtree,1036,C3,0.00897210565313944
descriptive_dtree,1036,C4,0.12562598560750196
descriptive_dtree,1037,C1,0.02710528600207672
descriptive_dtree,1037,C2,0.0007561316322998446
descriptive_dtree,1037,C3,0.006071876495834724
descriptive_dtree,1037,C4,-0.04796665126745642
descriptive_dtree,1038,C1,0.03555225337659017
descriptive_dtree,1038,C2,-0.02182366223585548
descriptive_dtree,1038,C3,0.005738024984215301
descriptive_dtree,1038,C4,-0.02929561478012868
descriptive_dtree,1039,C1,0.007193207157484768
descriptive_dtree,1039,C2,-0.003912653147444031
descriptive_dtree,1039,C3,0.008023161692115442
descriptive_dtree,1039,C4,-0.020479483540663604
descriptive_iforest,1000,C1,0.018020386315654696
descriptive_iforest,1000,C2,0.0016826174914409998
descriptive_iforest,1000,C3,0.021086522038274713
descriptive_iforest,1000,C4,-0.032309421021220225
descriptive_iforest,1001,C1,0.010666326590891229
descriptive_iforest,1001,C2,-0.002112727807172251
descriptive_iforest,1001,C3,-0.002279547835817179
descriptive_iforest,1001,C4,-0.022735918350424725
descriptive_iforest,1002,C1,0.022901104273730204
descriptive_iforest,1002,C2,0.006384567028131376
descriptive_iforest,1002,C3,0.004856240408702958
descriptive_iforest,1002,C4,-0.018381348962662317
descriptive_iforest,1003,C1,0.010865676212177856
descriptive_iforest,1003,C2,-0.00137873390826148
descriptive_iforest,1003,C3,-0.0025165665503748408
descriptive_iforest,1003,C4,-0.018550772195023893
descriptive_iforest,1004,C1,0.024594104933250333
descriptive_iforest,1004,C2,0.0024325990085956872
descriptive_iforest,1004,C3,0.011338000197216612
descriptive_iforest,1004,C4,-0.028930045335992048
descriptive_iforest,1005,C1,0.015128940811721892
descriptive_iforest,1005,C2,-0.0004034391534391557
descriptive_iforest,1005,C3,0.01750920586135598
descriptive_iforest,1005,C4,-0.028354406932455042
descriptive_iforest,1006,C1,0.037462861198588784
descriptive_iforest,1006,C2,0.005595024748250559
descriptive_iforest,1006,C3,0.012541711014001061
descriptive_iforest,1006,C4,0.0028334211927939987
descriptive_iforest,1007,C1,0.019746570711468972
descriptive_iforest,1007,C2,0.005344742063492058
descriptive_iforest,1007,C3,0.013551253730718249
descriptive_iforest,1007,C4,-0.012163361234228759
descriptive_iforest,1008,C1,0.011766418886139794
descriptive_iforest,1008,C2,0.0018381870654597988
descriptive_iforest,1008,C3,0.003591501610043124
descriptive_iforest,1008,C4,0.0008066415631662188
descriptive_iforest,1009,C1,0.027297345202973597
descriptive_iforest,1009,C2,0.005920484227446246
descriptive_iforest,1009,C3,0.002397024482114672
descriptive_iforest,1009,C4,-0.01693566253876426
descriptive_iforest,1010,C1,0.01641227795428619
descriptive_iforest,1010,C2,0.0023761870104665184
descriptive_iforest,1010,C3,0.01463474020962665
descriptive_iforest,1010,C4,-0.02904528990260464
descriptive_iforest,1011,C1,0.03801598799333834
descriptive_iforest,1011,C2,0.009465140222755776
descriptive_iforest,1011,C3,0.01668030473570918
descriptive_iforest,1011,C4,-0.006917116790420341
descriptive_iforest,1012,C1,0.009830314260674614
descriptive_iforest,1012,C2,-0.0023584579180509317
descriptive_iforest,1012,C3,0.005497010041989343
descriptive_iforest,1012,C4,-0.00392143278175449
descriptive_iforest,1013,C1,0.03768070335569937
descriptive_iforest,1013,C2,0.00981202666251687
descriptive_iforest,1013,C3,0.004718656925579212
descriptive_iforest,1013,C4,-0.029700019016467377
descriptive_iforest,1014,C1,0.020351889275078104
descriptive_iforest,1014,C2,0.004897792450313462
descriptive_iforest,1014,C3,-0.0005153642220601783
descriptive_iforest,1014,C4,0.004060281509360199
descriptive_iforest,1015,C1,0.028011114983990122
descriptive_iforest,1015,C2,0.0047863063236047165
descriptive_iforest,1015,C3,0.0008985273758197257
descriptive_iforest,1015,C4,0.005480881399854004
descriptive_iforest,1016,C1,0.015150596648495333
descriptive_iforest,1016,C2,-0.0009856476374333657
descriptive_iforest,1016,C3,0.004989421932187751
descriptive_iforest,1016,C4,-0.007852579819988416
descriptive_iforest,1017,C1,0.027830256981297083
descriptive_iforest,1017,C2,0.009460466502720016
descriptive_iforest,1017,C3,0.023770050825058398
descriptive_iforest,1017,C4,-0.03475248545307538
descriptive_iforest,1018,C1,0.02166985239012889
descriptive_iforest,1018,C2,0.0005901011968973621
descriptive_iforest,1018,C3,0.02462651644934835
descriptive_iforest,1018,C4,-0.01499445246952441
descriptive_iforest,1019,C1,0.02666782545018152
descriptive_iforest,1019,C2,0.00273455548103433
descriptive_iforest,1019,C3,0.017582216382347877
descriptive_iforest,1019,C4,-0.049500766856564085
descriptive_iforest,1020,C1,0.003862299972091551
descriptive_iforest,1020,C2,0.0012726060369502926
descriptive_iforest,1020,C3,-0.0001158465076171681
descriptive_iforest,1020,C4,-0.006826570935183664
descriptive_iforest,1021,C1,0.025982036637107624
descriptive_iforest,1021,C2,0.0047349514387185765
descriptive_iforest,1021,C3,-0.004270276281450956
descriptive_iforest,1021,C4,0.006368947222243598
descriptive_iforest,1022,C1,0.009464702952534192
descriptive_iforest,1022,C2,0.0041074465500485925
descriptive_iforest,1022,C3,0.0004806290002773647
descriptive_iforest,1022,C4,-0.006660627037494461
descriptive_iforest,1023,C1,0.0342077001816712
descriptive_iforest,1023,C2,0.007951388888888897
descriptive_iforest,1023,C3,0.009502063456594961
descriptive_iforest,1023,C4,-0.02195456349344252
descriptive_iforest,1024,C1,0.01515410543574354
descriptive_iforest,1024,C2,0.0009310310145563792
descriptive_iforest,1024,C3,0.00706544142668597
descriptive_iforest,1024,C4,-0.01787934111537437
descriptive_iforest,1025,C1,0.0120655505534566
descriptive_iforest,1025,C2,0.0023595023595023665
descriptive_iforest,1025,C3,-0.010389757178853803
descriptive_iforest,1025,C4,-0.027486063482833386
descriptive_iforest,1026,C1,0.03146819613908909
descriptive_iforest,1026,C2,0.005374152374870746
descriptive_iforest,1026,C3,0.020937921638782407
descriptive_iforest,1026,C4,0.00610224401837485
descriptive_iforest,1027,C1,0.007327904849646074
descriptive_iforest,1027,C2,-3.4060846560853356e-05
descriptive_iforest,1027,C3,-0.0008490046023166605
descriptive_iforest,1027,C4,-0.008082577073860099
descriptive_iforest,1028,C1,0.024892756400625632
descriptive_iforest,1028,C2,0.01002612583494937
descriptive_iforest,1028,C3,0.00933427409884241
descriptive_iforest,1028,C4,0.0038827628128867003
descriptive_iforest,1029,C1,0.03879109618806138
descriptive_iforest,1029,C2,0.008546680320873898
descriptive_iforest,1029,C3,0.010109308246284102
descriptive_iforest,1029,C4,-0.05472908833362011
descriptive_iforest,1030,C1,0.018704809358967248
descriptive_iforest,1030,C2,0.002191768180140257
descriptive_iforest,1030,C3,0.007919007173594172
descriptive_iforest,1030,C4,-0.0002376250425808052
descriptive_iforest,1031,C1,0.023499410267957106
descriptive_iforest,1031,C2,0.0010569177919923997
descriptive_iforest,1031,C3,0.030987002429725338
descriptive_iforest,1031,C4,-0.027987667413752956
descriptive_iforest,1032,C1,0.013949663596646934
descriptive_iforest,1032,C2,-0.0013152356902356825
descriptive_iforest,1032,C3,0.011523830844227468
descriptive_iforest,1032,C4,-0.012248211611062466
descriptive_iforest,1033,C1,0.016576152058938393
descriptive_iforest,1033,C2,0.00123855779530627
descriptive_iforest,1033,C3,0.008065494076433782
descriptive_iforest,1033,C4,-0.03272996353642106
descriptive_iforest,1034,C1,0.0166500237034956
descriptive_iforest,1034,C2,0.0006213674442841141
descriptive_iforest,1034,C3,-0.002150201863286981
descriptive_iforest,1034,C4,0.007598299768310786
descriptive_iforest,1035,C1,0.03364898754850166
descriptive_iforest,1035,C2,0.011374308561808575
descriptive_iforest,1035,C3,0.01182405069268935
descriptive_iforest,1035,C4,-0.006392956715577221
descriptive_iforest,1036,C1,0.020866677283256557
descriptive_iforest,1036,C2,0.009280064122779352
descriptive_iforest,1036,C3,0.005835143856949561
descriptive_iforest,1036,C4,0.0022912656088474315
descriptive_iforest,1037,C1,0.02007746124339526
descriptive_iforest,1037,C2,0.0013457286358578013
descriptive_iforest,1037,C3,-0.007665582479338427
descriptive_iforest,1037,C4,-0.012164162138302181
descriptive_iforest,1038,C1,0.02335363440870241
descriptive_iforest,1038,C2,0.001488095238095212
descriptive_iforest,1038,C3,0.01884953831697616
descriptive_iforest,1038,C4,-0.040934599109859526
descriptive_iforest,1039,C1,0.02349839681183428
descriptive_iforest,1039,C2,0.00287674216027875
descriptive_iforest,1039,C3,0.016651360318963828
descriptive_iforest,1039,C4,-0.021545334190660653
descriptive_hgb,1000,C1,0.05833018219395611
descriptive_hgb,1000,C2,-0.025958038503219177
descriptive_hgb,1000,C3,0.05271839654750915
descriptive_hgb,1000,C4,-0.002556270510818137
descriptive_hgb,1001,C1,0.002401201721242474
descriptive_hgb,1001,C2,-0.06306098479519831
descriptive_hgb,1001,C3,0.02606720020549716
descriptive_hgb,1001,C4,0.0014921757691521154
descriptive_hgb,1002,C1,0.030191825646506798
descriptive_hgb,1002,C2,-0.009066358024691357
descriptive_hgb,1002,C3,-0.02145929636974339
descriptive_hgb,1002,C4,0.08169469674087204
descriptive_hgb,1003,C1,0.03781691870000117
descriptive_hgb,1003,C2,-0.029502190026954117
descriptive_hgb,1003,C3,0.022330604979635016
descriptive_hgb,1003,C4,-0.09330904629195985
descriptive_hgb,1004,C1,0.03985036746910303
descriptive_hgb,1004,C2,-0.06329044628169786
descriptive_hgb,1004,C3,0.061464820171295176
descriptive_hgb,1004,C4,-0.1269086317189596
descriptive_hgb,1005,C1,0.052312366320037024
descriptive_hgb,1005,C2,-0.027980997832319388
descriptive_hgb,1005,C3,-0.013195599623513049
descriptive_hgb,1005,C4,-0.003954311601293781
descriptive_hgb,1006,C1,0.0416110096921076
descriptive_hgb,1006,C2,-0.03712380166588078
descriptive_hgb,1006,C3,0.022035945382567007
descriptive_hgb,1006,C4,-0.08596617864513623
descriptive_hgb,1007,C1,0.04757466858113471
descriptive_hgb,1007,C2,-0.033131951430807216
descriptive_hgb,1007,C3,0.03598321838993851
descriptive_hgb,1007,C4,0.04870555846989483
descriptive_hgb,1008,C1,0.07283996280546232
descriptive_hgb,1008,C2,-0.012600036527860736
descriptive_hgb,1008,C3,0.007876831106079285
descriptive_hgb,1008,C4,0.032250814328277866
descriptive_hgb,1009,C1,-0.012846136711994194
descriptive_hgb,1009,C2,-0.09115665281772661
descriptive_hgb,1009,C3,0.01948549204216324
descriptive_hgb,1009,C4,0.00342668032710719
descriptive_hgb,1010,C1,0.057714906488745304
descriptive_hgb,1010,C2,-0.014675440169790416
descriptive_hgb,1010,C3,0.00730430816556385
descriptive_hgb,1010,C4,0.003717429919810611
descriptive_hgb,1011,C1,0.04378224158979657
descriptive_hgb,1011,C2,-0.03687788441367729
descriptive_hgb,1011,C3,-0.0011476425336263418
descriptive_hgb,1011,C4,-0.03235979114334453
descriptive_hgb,1012,C1,0.025809930513471385
descriptive_hgb,1012,C2,-0.06568539710485136
descriptive_hgb,1012,C3,0.01941085999672204
descriptive_hgb,1012,C4,0.004955380093261741
descriptive_hgb,1013,C1,0.04470130373704215
descriptive_hgb,1013,C2,-0.03943860450944564
descriptive_hgb,1013,C3,0.035910198580178715
descriptive_hgb,1013,C4,-0.008749677683311585
descriptive_hgb,1014,C1,0.06311701340350526
descriptive_hgb,1014,C2,-0.011580398704715472
descriptive_hgb,1014,C3,0.0339862477832496
descriptive_hgb,1014,C4,-0.055064159395598444
descriptive_hgb,1015,C1,0.029378459513104083
descriptive_hgb,1015,C2,-0.04938353342749521
descriptive_hgb,1015,C3,-0.0032364092092183327
descriptive_hgb,1015,C4,-0.0314697927888164
descriptive_hgb,1016,C1,0.037532006277135294
descriptive_hgb,1016,C2,-0.05226060642377772
descriptive_hgb,1016,C3,0.034490828728900136
descriptive_hgb,1016,C4,-0.09004780240084392
descriptive_hgb,1017,C1,0.07911099407576053
descriptive_hgb,1017,C2,-0.031890331890331775
descriptive_hgb,1017,C3,0.02662963811131358
descriptive_hgb,1017,C4,0.024616235439527123
descriptive_hgb,1018,C1,0.026165875476642286
descriptive_hgb,1018,C2,-0.032255842151675596
descriptive_hgb,1018,C3,0.002605061561963884
descriptive_hgb,1018,C4,0.030749520630026894
descriptive_hgb,1019,C1,0.04919730528273561
descriptive_hgb,1019,C2,-0.031591859716859766
descriptive_hgb,1019,C3,0.00017341971007367452
descriptive_hgb,1019,C4,-0.01687705961746938
descriptive_hgb,1020,C1,0.04825743555208031
descriptive_hgb,1020,C2,-0.008948956294846683
descriptive_hgb,1020,C3,0.028274443699449092
descriptive_hgb,1020,C4,0.04158181260206323
descriptive_hgb,1021,C1,0.053963286628342794
descriptive_hgb,1021,C2,-0.03423802111840893
descriptive_hgb,1021,C3,0.0335997348485024
descriptive_hgb,1021,C4,-0.02851700418228631
descriptive_hgb,1022,C1,0.022142946323485596
descriptive_hgb,1022,C2,-0.06438001574000177
descriptive_hgb,1022,C3,0.02609150924273615
descriptive_hgb,1022,C4,-0.002971706878751923
descriptive_hgb,1023,C1,0.07599395613536836
descriptive_hgb,1023,C2,-0.01978247475951983
descriptive_hgb,1023,C3,0.028646062593364857
descriptive_hgb,1023,C4,0.020595571529555212
descriptive_hgb,1024,C1,0.03502001932572224
descriptive_hgb,1024,C2,-0.055394224842040374
descriptive_hgb,1024,C3,-0.00967638835606871
descriptive_hgb,1024,C4,0.005052764605758875
descriptive_hgb,1025,C1,0.05494536072734557
descriptive_hgb,1025,C2,-0.012576139138639031
descriptive_hgb,1025,C3,0.07682993818688841
descriptive_hgb,1025,C4,-0.011078247498510774
descriptive_hgb,1026,C1,0.031024270446757568
descriptive_hgb,1026,C2,-0.03907772904483414
descriptive_hgb,1026,C3,0.04099463871489087
descriptive_hgb,1026,C4,-0.0493402816404378
descriptive_hgb,1027,C1,0.06774306282942463
descriptive_hgb,1027,C2,-0.012929530786673471
descriptive_hgb,1027,C3,0.005941701159282026
descriptive_hgb,1027,C4,0.028354948617386744
descriptive_hgb,1028,C1,0.0558515013954369
descriptive_hgb,1028,C2,-0.011860877684407023
descriptive_hgb,1028,C3,0.003741052630426289
descriptive_hgb,1028,C4,-0.03222325992076086
descriptive_hgb,1029,C1,0.012716442894594726
descriptive_hgb,1029,C2,-0.09143348060873854
descriptive_hgb,1029,C3,0.04891907680940813
descriptive_hgb,1029,C4,-0.07235607464732524
descriptive_hgb,1030,C1,0.04192751521852686
descriptive_hgb,1030,C2,-0.043516888737476944
descriptive_hgb,1030,C3,0.058952181059585745
descriptive_hgb,1030,C4,-0.032431689780521245
descriptive_hgb,1031,C1,0.03541913294514065
descriptive_hgb,1031,C2,-0.049377212125160025
descriptive_hgb,1031,C3,0.05315776425428087
descriptive_hgb,1031,C4,0.031393939148047334
descriptive_hgb,1032,C1,0.03586297001191385
descriptive_hgb,1032,C2,-0.04039328481687135
descriptive_hgb,1032,C3,0.034811536444399105
descriptive_hgb,1032,C4,-0.11072211558671818
descriptive_hgb,1033,C1,0.015789796606560852
descriptive_hgb,1033,C2,-0.07366071428571416
descriptive_hgb,1033,C3,0.022333848645406357
descriptive_hgb,1033,C4,-0.050340770656916556
descriptive_hgb,1034,C1,0.01865315493476216
descriptive_hgb,1034,C2,-0.03785969469676137
descriptive_hgb,1034,C3,0.050640569814958264
descriptive_hgb,1034,C4,-0.10508257372846003
descriptive_hgb,1035,C1,0.0447561182952072
descriptive_hgb,1035,C2,-0.04405290762138192
descriptive_hgb,1035,C3,0.0317442476093365
descriptive_hgb,1035,C4,0.028134266940278818
descriptive_hgb,1036,C1,0.059942389190572626
descriptive_hgb,1036,C2,-0.029689831773165143
descriptive_hgb,1036,C3,0.017962245973850766
descriptive_hgb,1036,C4,0.010688585936016792
descriptive_hgb,1037,C1,0.06895290801473407
descriptive_hgb,1037,C2,-0.02017096758863228
descriptive_hgb,1037,C3,-0.0010130215670346443
descriptive_hgb,1037,C4,0.04491383406538932
descriptive_hgb,1038,C1,0.01908276913991991
descriptive_hgb,1038,C2,-0.052989027080480755
descriptive_hgb,1038,C3,0.04356537661004675
descriptive_hgb,1038,C4,-0.07080505738592907
descriptive_hgb,1039,C1,0.0558461622849252
descriptive_hgb,1039,C2,-0.03820456754130211
descriptive_hgb,1039,C3,0.02375485928036125
descriptive_hgb,1039,C4,0.039552785583406636
descriptive_pca,1000,C1,0.06789300136623594
descriptive_pca,1000,C2,-0.021598095596402522
descriptive_pca,1000,C3,0.04854000279681214
descriptive_pca,1000,C4,-0.09856653579230557
descriptive_pca,1001,C1,0.032877106778997134
descriptive_pca,1001,C2,-0.04122946895186147
descriptive_pca,1001,C3,0.07531191242449722
descriptive_pca,1001,C4,-0.18268247343765925
descriptive_pca,1002,C1,0.06453072764852355
descriptive_pca,1002,C2,-0.012674504862004804
descriptive_pca,1002,C3,0.06206642092676512
descriptive_pca,1002,C4,-0.10499967845125574
descriptive_pca,1003,C1,0.021786759685325924
descriptive_pca,1003,C2,-0.04517105477003072
descriptive_pca,1003,C3,0.09208168868824781
descriptive_pca,1003,C4,-0.19995387632621064
descriptive_pca,1004,C1,0.04235939010958292
descriptive_pca,1004,C2,-0.04072778056741136
descriptive_pca,1004,C3,0.08283272871136141
descriptive_pca,1004,C4,-0.18861243040875397
descriptive_pca,1005,C1,0.06460977120908973
descriptive_pca,1005,C2,-0.019222457960081624
descriptive_pca,1005,C3,0.04625847925228857
descriptive_pca,1005,C4,-0.09771844159693116
descriptive_pca,1006,C1,0.03997012139849099
descriptive_pca,1006,C2,-0.04577566320645918
descriptive_pca,1006,C3,0.08030889665279681
descriptive_pca,1006,C4,-0.20996349848064394
descriptive_pca,1007,C1,0.05647674258544094
descriptive_pca,1007,C2,-0.029601993090186074
descriptive_pca,1007,C3,0.049917245008307465
descriptive_pca,1007,C4,-0.15006725316842062
descriptive_pca,1008,C1,0.04971316278716051
descriptive_pca,1008,C2,-0.044820662640056186
descriptive_pca,1008,C3,0.0522374542912632
descriptive_pca,1008,C4,-0.09215602173306853
descriptive_pca,1009,C1,0.0607921841063776
descriptive_pca,1009,C2,-0.0351249410655351
descriptive_pca,1009,C3,0.07622669574677976
descriptive_pca,1009,C4,-0.13308518463998742
descriptive_pca,1010,C1,0.0572132194866157
descriptive_pca,1010,C2,-0.01795390241298317
descriptive_pca,1010,C3,0.05823071308436503
descriptive_pca,1010,C4,-0.09726163949331723
descriptive_pca,1011,C1,0.04766479023494266
descriptive_pca,1011,C2,-0.01433481641814971
descriptive_pca,1011,C3,0.025235817700355462
descriptive_pca,1011,C4,-0.12476433747556648
descriptive_pca,1012,C1,0.07200709863016144
descriptive_pca,1012,C2,-0.012050935511080385
descriptive_pca,1012,C3,0.03038978066229936
descriptive_pca,1012,C4,-0.055384908317264114
descriptive_pca,1013,C1,0.06121779652549264
descriptive_pca,1013,C2,-0.021352895997108462
descriptive_pca,1013,C3,0.08399486518305824
descriptive_pca,1013,C4,-0.16449155592636072
descriptive_pca,1014,C1,0.057385309830162934
descriptive_pca,1014,C2,-0.025100047080979154
descriptive_pca,1014,C3,0.06181698887336126
descriptive_pca,1014,C4,-0.16155485157034727
descriptive_pca,1015,C1,0.04256872430358424
descriptive_pca,1015,C2,-0.033542008757526054
descriptive_pca,1015,C3,0.06747259244068995
descriptive_pca,1015,C4,-0.198603789255541
descriptive_pca,1016,C1,0.016089182582440437
descriptive_pca,1016,C2,-0.06695612431444245
descriptive_pca,1016,C3,0.038636644604310016
descriptive_pca,1016,C4,-0.1328848658190488
descriptive_pca,1017,C1,0.05385374804289564
descriptive_pca,1017,C2,-0.03448259786370675
descriptive_pca,1017,C3,0.0705772873336532
descriptive_pca,1017,C4,-0.15298930843866693
descriptive_pca,1018,C1,0.054782422687156634
descriptive_pca,1018,C2,-0.027998733347505633
descriptive_pca,1018,C3,0.05149036218932479
descriptive_pca,1018,C4,-0.1277811310496853
descriptive_pca,1019,C1,0.035568247927090235
descriptive_pca,1019,C2,-0.02567361782937408
descriptive_pca,1019,C3,0.03694893618505962
descriptive_pca,1019,C4,-0.11171978163580942
descriptive_pca,1020,C1,0.044837088587327434
descriptive_pca,1020,C2,-0.01599147121535191
descriptive_pca,1020,C3,0.02039363493350549
descriptive_pca,1020,C4,-0.0865680667279336
descriptive_pca,1021,C1,0.041708585710753365
descriptive_pca,1021,C2,-0.03401599403806474
descriptive_pca,1021,C3,0.08745657736561552
descriptive_pca,1021,C4,-0.18510246505838668
descriptive_pca,1022,C1,0.05678807484371673
descriptive_pca,1022,C2,-0.016199723872043242
descriptive_pca,1022,C3,0.0665368458127778
descriptive_pca,1022,C4,-0.13680531769480653
descriptive_pca,1023,C1,0.06397806640559897
descriptive_pca,1023,C2,-0.017270618833118867
descriptive_pca,1023,C3,0.08604217675273448
descriptive_pca,1023,C4,-0.13853431196826183
descriptive_pca,1024,C1,0.0533224992195972
descriptive_pca,1024,C2,-0.024194882272815937
descriptive_pca,1024,C3,0.08599382163670538
descriptive_pca,1024,C4,-0.16222874423390055
descriptive_pca,1025,C1,0.05995300465794501
descriptive_pca,1025,C2,-0.014376304698885428
descriptive_pca,1025,C3,0.0360855357177339
descriptive_pca,1025,C4,-0.08439572710165205
descriptive_pca,1026,C1,0.05871677029147096
descriptive_pca,1026,C2,-0.02732165663200145
descriptive_pca,1026,C3,0.04333208036404415
descriptive_pca,1026,C4,-0.11876145596108889
descriptive_pca,1027,C1,0.048931998369396906
descriptive_pca,1027,C2,-0.017847222222222237
descriptive_pca,1027,C3,0.062199515513303105
descriptive_pca,1027,C4,-0.1505099709570839
descriptive_pca,1028,C1,0.06239334271806449
descriptive_pca,1028,C2,-0.02743004418262146
descriptive_pca,1028,C3,0.048549676327959895
descriptive_pca,1028,C4,-0.1427541981799526
descriptive_pca,1029,C1,0.043264154384777626
descriptive_pca,1029,C2,-0.03939418628428304
descriptive_pca,1029,C3,0.09760428712015037
descriptive_pca,1029,C4,-0.19314498441043237
descriptive_pca,1030,C1,0.05235952880416089
descriptive_pca,1030,C2,-0.021084528897028942
descriptive_pca,1030,C3,0.0626820294743348
descriptive_pca,1030,C4,-0.184282883275037
descriptive_pca,1031,C1,0.043505502992681216
descriptive_pca,1031,C2,-0.03422619047619044
descriptive_pca,1031,C3,0.048823360082528855
descriptive_pca,1031,C4,-0.1425332999048114
descriptive_pca,1032,C1,0.06367480986421928
descriptive_pca,1032,C2,-0.019663888039155614
descriptive_pca,1032,C3,0.06678020322031392
descriptive_pca,1032,C4,-0.13202687762894944
descriptive_pca,1033,C1,0.04392670682296185
descriptive_pca,1033,C2,-0.02327649202649207
descriptive_pca,1033,C3,0.04123448239283187
descriptive_pca,1033,C4,-0.12519846357873338
descriptive_pca,1034,C1,0.051835802790342084
descriptive_pca,1034,C2,-0.027996187059298655
descriptive_pca,1034,C3,0.06116132870096719
descriptive_pca,1034,C4,-0.12163759788520762
descriptive_pca,1035,C1,0.055425192326726797
descriptive_pca,1035,C2,-0.02071724079702797
descriptive_pca,1035,C3,0.06180653040747683
descriptive_pca,1035,C4,-0.137295140674763
descriptive_pca,1036,C1,0.05970224117338199
descriptive_pca,1036,C2,-0.018115121312795857
descriptive_pca,1036,C3,0.06735505984434087
descriptive_pca,1036,C4,-0.10863505944419566
descriptive_pca,1037,C1,0.04405075417850984
descriptive_pca,1037,C2,-0.019384920634920505
descriptive_pca,1037,C3,0.056490985525397
descriptive_pca,1037,C4,-0.15714483758733966
descriptive_pca,1038,C1,0.007437417104885324
descriptive_pca,1038,C2,-0.0730349111158708
descriptive_pca,1038,C3,0.09245121437927903
descriptive_pca,1038,C4,-0.2064870701967621
descriptive_pca,1039,C1,0.06873448838498003
descriptive_pca,1039,C2,-0.019300056909068553
descriptive_pca,1039,C3,0.09137519737091296
descriptive_pca,1039,C4,-0.17458809935404668
descriptive_ae,1000,C1,0.0664638790863839
descriptive_ae,1000,C2,-0.019669992247113105
descriptive_ae,1000,C3,0.03157968741215972
descriptive_ae,1000,C4,-0.08664098307993062
descriptive_ae,1001,C1,0.035667983568797246
descriptive_ae,1001,C2,-0.03746826926017682
descriptive_ae,1001,C3,0.07538360437760627
descriptive_ae,1001,C4,-0.15835247496869553
descriptive_ae,1002,C1,0.062053077191431605
descriptive_ae,1002,C2,-0.013722699224617302
descriptive_ae,1002,C3,0.032326218448049976
descriptive_ae,1002,C4,-0.04655614321093132
descriptive_ae,1003,C1,0.021558208415581037
descriptive_ae,1003,C2,-0.047288359788359796
descriptive_ae,1003,C3,0.08025520276963516
descriptive_ae,1003,C4,-0.17838884443284342
descriptive_ae,1004,C1,0.04677753050866443
descriptive_ae,1004,C2,-0.043115294641063145
descriptive_ae,1004,C3,0.07014776564205616
descriptive_ae,1004,C4,-0.18818622559201853
descriptive_ae,1005,C1,0.06056767414906006
descriptive_ae,1005,C2,-0.024934045134321237
descriptive_ae,1005,C3,0.06971049298251522
descriptive_ae,1005,C4,-0.1365358898301326
descriptive_ae,1006,C1,0.022736940660814497
descriptive_ae,1006,C2,-0.06589408023483359
descriptive_ae,1006,C3,0.06899445823526926
descriptive_ae,1006,C4,-0.20586095619932393
descriptive_ae,1007,C1,0.06178634465073876
descriptive_ae,1007,C2,-0.032591829466829314
descriptive_ae,1007,C3,0.04932547457272965
descriptive_ae,1007,C4,-0.10831290706991248
descriptive_ae,1008,C1,0.061991368561530785
descriptive_ae,1008,C2,-0.03162857608796937
descriptive_ae,1008,C3,0.06703715992722648
descriptive_ae,1008,C4,-0.11907261406765984
descriptive_ae,1009,C1,0.0490392279567147
descriptive_ae,1009,C2,-0.0459267626059795
descriptive_ae,1009,C3,0.06316604625354391
descriptive_ae,1009,C4,-0.13459986072896535
descriptive_ae,1010,C1,0.05718043019091046
descriptive_ae,1010,C2,-0.02156802186283302
descriptive_ae,1010,C3,0.033121786514746815
descriptive_ae,1010,C4,-0.05697299015221419
descriptive_ae,1011,C1,0.04231909353855093
descriptive_ae,1011,C2,-0.026111276111275894
descriptive_ae,1011,C3,0.04362839613080485
descriptive_ae,1011,C4,-0.14901455684366427
descriptive_ae,1012,C1,0.06913009453879104
descriptive_ae,1012,C2,-0.019345238095238332
descriptive_ae,1012,C3,0.05687576517797027
descriptive_ae,1012,C4,-0.09851929701951401
descriptive_ae,1013,C1,0.06361882807783178
descriptive_ae,1013,C2,-0.026178866936845707
descriptive_ae,1013,C3,0.0709867111947502
descriptive_ae,1013,C4,-0.1369013621004707
descriptive_ae,1014,C1,0.041171154704085194
descriptive_ae,1014,C2,-0.04770028595895659
descriptive_ae,1014,C3,0.06518461102443274
descriptive_ae,1014,C4,-0.14869148570130047
descriptive_ae,1015,C1,0.041179929032463675
descriptive_ae,1015,C2,-0.03686254240882106
descriptive_ae,1015,C3,0.06982996361731297
descriptive_ae,1015,C4,-0.18145596759615307
descriptive_ae,1016,C1,0.04378863183639686
descriptive_ae,1016,C2,-0.03352307751579592
descriptive_ae,1016,C3,0.061735680372706325
descriptive_ae,1016,C4,-0.13444624219975954
descriptive_ae,1017,C1,0.06174952360312558
descriptive_ae,1017,C2,-0.02422830470986201
descriptive_ae,1017,C3,0.06583499071391866
descriptive_ae,1017,C4,-0.12422337121413446
descriptive_ae,1018,C1,0.05496197591813223
descriptive_ae,1018,C2,-0.028730688764080775
descriptive_ae,1018,C3,0.058791338146277405
descriptive_ae,1018,C4,-0.15149899104926678
descriptive_ae,1019,C1,0.04665633034374608
descriptive_ae,1019,C2,-0.019068007319887115
descriptive_ae,1019,C3,0.017405954410712604
descriptive_ae,1019,C4,-0.08871030636455801
descriptive_ae,1020,C1,0.045731560026034596
descriptive_ae,1020,C2,-0.015540382819794502
descriptive_ae,1020,C3,0.020654238269834008
descriptive_ae,1020,C4,-0.08534645936917862
descriptive_ae,1021,C1,0.02154120577941629
descriptive_ae,1021,C2,-0.061207656753633655
descriptive_ae,1021,C3,0.052418254976663164
descriptive_ae,1021,C4,-0.17673568449184107
descriptive_ae,1022,C1,0.05090176039229469
descriptive_ae,1022,C2,-0.01949464524765715
descriptive_ae,1022,C3,0.04264707966343664
descriptive_ae,1022,C4,-0.10178837902692273
descriptive_ae,1023,C1,0.06268725288068347
descriptive_ae,1023,C2,-0.021825396825396748
descriptive_ae,1023,C3,0.09005885986318835
descriptive_ae,1023,C4,-0.15359011936832362
descriptive_ae,1024,C1,0.062218784565095525
descriptive_ae,1024,C2,-0.02034664109716411
descriptive_ae,1024,C3,0.06225792445413622
descriptive_ae,1024,C4,-0.13635862839192492
descriptive_ae,1025,C1,0.05278355829033787
descriptive_ae,1025,C2,-0.017703771519178457
descriptive_ae,1025,C3,0.07508062873640423
descriptive_ae,1025,C4,-0.15930827418738852
descriptive_ae,1026,C1,0.06328434722857734
descriptive_ae,1026,C2,-0.01897321428571419
descriptive_ae,1026,C3,0.05502303498515049
descriptive_ae,1026,C4,-0.12776510945679354
descriptive_ae,1027,C1,0.04556627110010053
descriptive_ae,1027,C2,-0.022716998191681576
descriptive_ae,1027,C3,0.06979075194543394
descriptive_ae,1027,C4,-0.15971086107575772
descriptive_ae,1028,C1,0.0740681824717433
descriptive_ae,1028,C2,-0.009902956640378213
descriptive_ae,1028,C3,0.06061258140379361
descriptive_ae,1028,C4,-0.12965551271153497
descriptive_ae,1029,C1,0.055531783060029066
descriptive_ae,1029,C2,-0.029630287714864895
descriptive_ae,1029,C3,0.09305650646623928
descriptive_ae,1029,C4,-0.21243384159137546
descriptive_ae,1030,C1,0.05166102925166213
descriptive_ae,1030,C2,-0.023548149252742012
descriptive_ae,1030,C3,0.0661994461012724
descriptive_ae,1030,C4,-0.16937349685053638
descriptive_ae,1031,C1,0.043612640656360835
descriptive_ae,1031,C2,-0.04216087140810895
descriptive_ae,1031,C3,0.06693063284729214
descriptive_ae,1031,C4,-0.14594363699279417
descriptive_ae,1032,C1,0.05531340892378345
descriptive_ae,1032,C2,-0.026454327326420446
descriptive_ae,1032,C3,0.06553694526486456
descriptive_ae,1032,C4,-0.1375424246921811
descriptive_ae,1033,C1,0.04380647065286575
descriptive_ae,1033,C2,-0.023736883177259638
descriptive_ae,1033,C3,0.046790287727925345
descriptive_ae,1033,C4,-0.13148317379878333
descriptive_ae,1034,C1,0.05225930287270544
descriptive_ae,1034,C2,-0.03145190657281424
descriptive_ae,1034,C3,0.06003101762993579
descriptive_ae,1034,C4,-0.11858255812017687
descriptive_ae,1035,C1,0.05122270589566433
descriptive_ae,1035,C2,-0.027348720782265107
descriptive_ae,1035,C3,0.05791341419862478
descriptive_ae,1035,C4,-0.1387856169659008
descriptive_ae,1036,C1,0.056135035323859495
descriptive_ae,1036,C2,-0.025514519283613035
descriptive_ae,1036,C3,0.06315330422513132
descriptive_ae,1036,C4,-0.12889976095321098
descriptive_ae,1037,C1,0.03433981565615049
descriptive_ae,1037,C2,-0.036264411457312656
descriptive_ae,1037,C3,0.07557789294174896
descriptive_ae,1037,C4,-0.17962351530625076
descriptive_ae,1038,C1,-0.007053019571045788
descriptive_ae,1038,C2,-0.08753002297410198
descriptive_ae,1038,C3,0.08963396244270061
descriptive_ae,1038,C4,-0.20956678430799264
descriptive_ae,1039,C1,0.06329878769462655
descriptive_ae,1039,C2,-0.020304167836093234
descriptive_ae,1039,C3,0.08826605906775273
descriptive_ae,1039,C4,-0.1891025334715703
