seed,model,threshold,threshold_source,verified_replicates,validation_vector_sha256,validation_vector_dtype,validation_vector_length
1000,lr,0.34030470967845866,shared_nominal_validation_q0.99,7,146302575a635bcb6fb72cc6a1b8120b96a85872e7f2e4070ae013d7ebd82c2e,float64,1137
1000,dtree,0.10635324431473325,shared_nominal_validation_q0.99,7,3803064f1c651b68102b2883ef2720043031ae85f067d0cace54753d38dfd139,float64,1137
1000,iforest,0.5951114896399639,shared_nominal_validation_q0.99,7,1b5427b91ac80df54c194bd3434ea7abfa8f2b8444784b18876e661a2a522796,float64,1137
1000,hgb,0.207300033469802,shared_nominal_validation_q0.99,7,21225484b74470bc7003e9c48945ccc6554414f39a1ee5efb2a3c3b359d0831a,float64,1137
1000,pca,0.7509961810489882,shared_nominal_validation_q0.99,7,6c816ac58be0f4bf0b9f678245f722d33a021ac1847932c1d2690c4039958d21,float64,1137
1000,ae,1.2638351512284398,shared_nominal_validation_q0.99,7,bc7e913818c1a79f11c7e1df3eb2f459ad6b634e3addc41f83ca8c47a407aceb,float64,1137
1001,lr,0.49253132195459276,shared_nominal_validation_q0.99,7,9f148c6047c59cb37f6a65e6b4aa09924596605f903471b6a5913f5633f28d11,float64,1137
1001,dtree,0.09668536459283383,shared_nominal_validation_q0.99,7,f15be84e02a85222ab7b8c7e0b0572d2095f5629e21428b3f6e6b7f6e45c2af2,float64,1137
1001,iforest,0.5798349744426832,shared_nominal_validation_q0.99,7,35e2df743d98e4fec39d6fc64d44b8e02629077810b1d0ab15d5b32cd920f71e,float64,1137
1001,hgb,0.23014718318481658,shared_nominal_validation_q0.99,7,838606aca82f484b8cec6fe2cf332898d81ee58e218d64122fa42204522b3cfc,float64,1137
1001,pca,0.8907557915856466,shared_nominal_validation_q0.99,7,d1c281ac99edb33c7ff38aacee4868b2b0e51f36582c69f501a0dba7884328a9,float64,1137
1001,ae,0.9167063223842327,shared_nominal_validation_q0.99,7,c5956b55829bb3cb34f62a55a1a1e59a9f16f74aa41bc0163a14346176b3f4a1,float64,1137
1002,lr,0.7125112460113727,shared_nominal_validation_q0.99,7,3d9b706243270b9fcdfaf3d0b34fb927a32b6ad98bcd573f07feec70d833fe1e,float64,1137
1002,dtree,0.09240374765854471,shared_nominal_validation_q0.99,7,5c43623806f6a6b450977a28440decabd1fa3163803bd8a20358ab544a2d9a4e,float64,1137
1002,iforest,0.5841938292665646,shared_nominal_validation_q0.99,7,6a9b59777d629acc035ae2e0d8ae2456493b2ac42f9eff92231b5b1d6de189c8,float64,1137
1002,hgb,0.8606679901910432,shared_nominal_validation_q0.99,7,6230c0eda27a7cc0d159d4fdeefe89d0832ce4b9e6d60a7f427410ac40f4712c,float64,1137
1002,pca,0.8717820076968419,shared_nominal_validation_q0.99,7,c9257e288890ec73966cab57e1925313528ca2d01f643e12ffc168cfd0e934a9,float64,1137
1002,ae,0.9840175861974563,shared_nominal_validation_q0.99,7,9a64b48cc571a7b78703833b5f162a5e9b2442d5bcfbd7bc216f3025e3fc5756,float64,1137
1003,lr,0.3249971535033568,shared_nominal_validation_q0.99,7,6179b73bc1d8d488a34de48eadfd55fadfd10ef8ac12889e7aac3e850144aa68,float64,1137
1003,dtree,0.08087064346876752,shared_nominal_validation_q0.99,7,d8f913c87e4e442faf0a53539fded3b769e94ff07a7dfa050a86b0e9c7878d88,float64,1137
1003,iforest,0.5894111371428933,shared_nominal_validation_q0.99,7,7de350aa62de285603c6e5f331167a2b6489088dce28dc448a7cc820dc51389c,float64,1137
1003,hgb,0.27221512144059523,shared_nominal_validation_q0.99,7,5f4c0bd451232c7cb1bccbb62bb5620d0812daec53a32a35cf69eafc97714834,float64,1137
1003,pca,0.6390487792801284,shared_nominal_validation_q0.99,7,ae3706b60e5cac82034d3c2839140ddad83555380c5654d5ced58187495267c6,float64,1137
1003,ae,0.8172758353109517,shared_nominal_validation_q0.99,7,6ee41f7abe4bc643b84e30eeaa1308fe84767d7bddc4d71a49e52d31666e2407,float64,1137
1004,lr,0.4719534705820827,shared_nominal_validation_q0.99,7,dedaa04aaf176740540342653fd45bf06597190471b964713dd17aebbae9d604,float64,1137
1004,dtree,0.08927926239228358,shared_nominal_validation_q0.99,7,c55040ac24c41807ad35a5606656e78cdd4487211e03ae814128c766bed9c97f,float64,1137
1004,iforest,0.5824092173936801,shared_nominal_validation_q0.99,7,f59eaa278dc90ebb3ef878e04510fa416511ac08b52e217d120cff7f0572ffd5,float64,1137
1004,hgb,0.18020544299324948,shared_nominal_validation_q0.99,7,ab82f9c2489a457786333f0c1cf1b914d3866daf36938498bac40b5841682083,float64,1137
1004,pca,0.7651556175798276,shared_nominal_validation_q0.99,7,2af46765130283f9564d5109a667cf968af16eee7735cb7ec47f509e7e3cd95a,float64,1137
1004,ae,1.0989756098819512,shared_nominal_validation_q0.99,7,d2fa206b8e285c6ef01bdd15c7fe1606a333498573f03910d5f0faf768ecf9fc,float64,1137
1005,lr,0.26123135243557444,shared_nominal_validation_q0.99,7,b3b3f9838e9c4212c94d22cd728c556d16c2f28520b0a949ee2ec3e9cab5ed92,float64,1137
1005,dtree,0.08508508066114029,shared_nominal_validation_q0.99,7,508cc3c98a1c335cc3058ed00d413afb8cdaf172beff883e9977118f4be7ed92,float64,1137
1005,iforest,0.5932633146074862,shared_nominal_validation_q0.99,7,10dc2a675dce6fd911fa6d3eafb58616c71d5f884b3aa95cc595e138887cb3ac,float64,1137
1005,hgb,0.255736023724073,shared_nominal_validation_q0.99,7,b70dc7ab8b2d526643dc91b1d9d00db63df2b05be1c76bce7cdec0949b8c641d,float64,1137
1005,pca,0.7023750072119981,shared_nominal_validation_q0.99,7,027e030423e8035074e5b5ef3cc72b54112aad488c48a3ff51be364a83447ec0,float64,1137
1005,ae,0.9295565904207254,shared_nominal_validation_q0.99,7,228aadd078b78c3b4088e2ea357a0c44cd9ec9d24976b7dbc29160cc03d79ad9,float64,1137
1006,lr,0.30804193442700956,shared_nominal_validation_q0.99,7,c538cd9c5c1d393b485a5a75458012241ad529a9f902a7392a336a02df2ef032,float64,1137
1006,dtree,0.07655506636639499,shared_nominal_validation_q0.99,7,27e8a61b3e2d4d132ae48854668efa35ce218da80ac2c13094d4c5ecbf81b426,float64,1137
1006,iforest,0.5908112294839752,shared_nominal_validation_q0.99,7,2d3751051700595ce1982c0279af544a6c184343d98027e91dc368fb242b5b5d,float64,1137
1006,hgb,0.2518994790543844,shared_nominal_validation_q0.99,7,85023b6f7d39d98b3adf2d08583d2e4f0d745b05a9ea379db3047e102aa308a5,float64,1137
1006,pca,0.7247620240002024,shared_nominal_validation_q0.99,7,81020866e5a2bd147375dfe113af7a1172c558c0f2eb858ab6ae365dbf029b58,float64,1137
1006,ae,1.0317003211467268,shared_nominal_validation_q0.99,7,984110cb653cd112d8fc7631995c752d80e4f4c3c74f7ccd6d8d91a00dae50a7,float64,1137
1007,lr,0.4483108016855864,shared_nominal_validation_q0.99,7,682819a59d6862223e07dae46dfddd8bb6ff3499361aa66004e91feecc7c5b8b,float64,1137
1007,dtree,0.08580228867020771,shared_nominal_validation_q0.99,7,ae199f859e712da954b526a0ef1002848c2009b8269afe812f8ed609a4aeaeac,float64,1137
1007,iforest,0.5881979276805259,shared_nominal_validation_q0.99,7,122589e0b4788b372a68606c38fa5bae642055821a8a9019ad240cb119f1eb7e,float64,1137
1007,hgb,0.20167840262855288,shared_nominal_validation_q0.99,7,79db106f9eef88b4c83d26aa32c1716c02904c35f520f128097bd09eb0dc5178,float64,1137
1007,pca,0.830753889174805,shared_nominal_validation_q0.99,7,9e17efa5e155d3d6e3e3553ba7b72e328f7d5935870831f78b774043ce158b4c,float64,1137
1007,ae,1.1032420192737036,shared_nominal_validation_q0.99,7,4edd621cfe1e164d2934e0c695648e9ae9bd67074604746755c32269b70f6959,float64,1137
1008,lr,0.32525426504440524,shared_nominal_validation_q0.99,7,dfd3d897d26a3180dc8b8c0e6d81e8102de2e968cca2c68f10b21fb02f4406be,float64,1137
1008,dtree,0.09027472274975179,shared_nominal_validation_q0.99,7,8578c23473f0bf2280ce801daf3e9ea762daefe42264680223f6a0b8781bb677,float64,1137
1008,iforest,0.592009489324308,shared_nominal_validation_q0.99,7,56800f50d4e25768a2c9f3bebead34bc2cca8463ee43d929eb447ace4402984a,float64,1137
1008,hgb,0.25335553277968526,shared_nominal_validation_q0.99,7,5af9de14ffdb20988e4590f93b8c457dea0fe1e5d9e073bbc99616bb58157c48,float64,1137
1008,pca,0.6576098318850345,shared_nominal_validation_q0.99,7,d96040c6d20b2ca98013fd9b5a2d943bf251a7f75f22fa51328329890f3c148e,float64,1137
1008,ae,0.9279645323863366,shared_nominal_validation_q0.99,7,37e78096f91ecd8fc714ce2db97257b051d8df0e03d3eee82d89ad3542a531f2,float64,1137
1009,lr,0.5113115825999798,shared_nominal_validation_q0.99,7,6fbaeeac744186c22a51faf6d61e8c0220552e907f584447b9d96742a75cf6da,float64,1137
1009,dtree,0.0819811124582436,shared_nominal_validation_q0.99,7,2e1f2ed1fd2ceb1df00c54e7ae0b6928a9330d344e6ee299ed06b00f3df51bfd,float64,1137
1009,iforest,0.5717843273385727,shared_nominal_validation_q0.99,7,d17a4792c555c609afe60f401c6074108a3c77c7d876d1e47f2f00f3645aeed3,float64,1137
1009,hgb,0.17784526426795794,shared_nominal_validation_q0.99,7,bd0e43d1a3f7aa082637282afa51a5b7b5b2787049a93ccf1f4774f22c06b786,float64,1137
1009,pca,0.7323100630221401,shared_nominal_validation_q0.99,7,edf503410420a5889dc6189d6536fc558f5caeb1afb83fe9fe030edec6e8db7a,float64,1137
1009,ae,0.9579889802300594,shared_nominal_validation_q0.99,7,421a5cd0229d4eb3e25f9656278656144bb155151f81632a6a308d122bc4f680,float64,1137
1010,lr,0.4526614145878727,shared_nominal_validation_q0.99,7,4bae3280a9776f1e6a0ab824f7c5df2d7ecc2e487064dd5a4dd4c4bd5470605a,float64,1137
1010,dtree,0.10505280831998713,shared_nominal_validation_q0.99,7,715978fc184f1acf372939a302364c2d7c9a43523f0b7d5899fa73427e65166f,float64,1137
1010,iforest,0.5894565932626328,shared_nominal_validation_q0.99,7,388e52375d8c7deb6bb3208509c07596d84669d39bca1bbd2b459e11667e36a6,float64,1137
1010,hgb,0.4135740166589653,shared_nominal_validation_q0.99,7,d95814d3f602780ae92309f416877d8611f54db8ed2f170b793bb12c53048988,float64,1137
1010,pca,0.7851330609868071,shared_nominal_validation_q0.99,7,d41ed96a4a4196fa73220c8cc3bbad70a8e82ff3378345589a9359aa932ccd7f,float64,1137
1010,ae,0.9252024478273363,shared_nominal_validation_q0.99,7,ad80e014c8a66045d228a1dc74a79218544f841b83ef2487d1642955ee662863,float64,1137
1011,lr,0.510535873814461,shared_nominal_validation_q0.99,7,3bc31cdcd53d74b483dc837aa75202c6dc9553a3ed430e143c015bcd74ae22dd,float64,1137
1011,dtree,0.1057592203141197,shared_nominal_validation_q0.99,7,c693e2091eaa32cc2a851cc089fbd7432ad78423e62faa82a4560f1edb8115d3,float64,1137
1011,iforest,0.6000434955335662,shared_nominal_validation_q0.99,7,03b25fe999a9a5f997a0232b8af3079e4c7149e31418a87037b5c07e4a578a28,float64,1137
1011,hgb,0.36658576904898255,shared_nominal_validation_q0.99,7,26370b0748db068e6ae7fd6837d410a537746466de77d42fc1fe658070f04d4e,float64,1137
1011,pca,1.0512257603151038,shared_nominal_validation_q0.99,7,6a27aae717269dc0f911252ea7a8f97171c476a5aa6785547b3cc93a449251c4,float64,1137
1011,ae,1.890535518781606,shared_nominal_validation_q0.99,7,5216deb0dcce354a1f7f39deb7b660dfaedd9b2ab9afbbe6a21f701bcdafbf50,float64,1137
1012,lr,0.426618382413162,shared_nominal_validation_q0.99,7,3b5354f7d81ded409d1f4a19a6d86b9788bcd350a7fd485bed5e93ed744b3d3b,float64,1137
1012,dtree,0.21986339032933197,shared_nominal_validation_q0.99,7,1dba93d8b9fff0a8ea1bed8d895a5979dbf9bb0f1d40e6fb225b22e700ee2a50,float64,1137
1012,iforest,0.5850690363773429,shared_nominal_validation_q0.99,7,4de8720b00eca43e38e7b189859792c33e5291d60c69fb43eb486e759f5740d4,float64,1137
1012,hgb,0.2981290507141997,shared_nominal_validation_q0.99,7,9307de6b9400bafb0fcbe3522af5d87014f87dcfaa68a153c8cdb314c02dbf7f,float64,1137
1012,pca,0.72913393492945,shared_nominal_validation_q0.99,7,0b7275a8a9bb7730e638da3e9374bbc33b835e11a6b486bfb4a9f66dc6303c27,float64,1137
1012,ae,1.0299296252647632,shared_nominal_validation_q0.99,7,f6a868567bdfb00a03c0d28ee55b34c8371a29231b4d427eadcda7f7456c98c1,float64,1137
1013,lr,0.3321901307078482,shared_nominal_validation_q0.99,7,1e8e4677437497d36b42b4b9c53c4d2c01c2a58adc7d01fbe9fc4e60675a404e,float64,1137
1013,dtree,0.0768352200829833,shared_nominal_validation_q0.99,7,eb601952fed107d309aa082c5c201a0836a7fa34c258e1160dabaf702c7c2e89,float64,1137
1013,iforest,0.5827961393633216,shared_nominal_validation_q0.99,7,a2fb9989bfb74f1e7fd52d11cdaeb49727fed12c17860c09bd537948115f44ba,float64,1137
1013,hgb,0.2314919039172402,shared_nominal_validation_q0.99,7,ce310ab5380a000f398e99b21bf381d634019a35b86d8d90b65510b269135cc8,float64,1137
1013,pca,0.6636486914060158,shared_nominal_validation_q0.99,7,c82e254bddb9f97cdd9a227c61aa7b2068af303d060d02bb3c99ab38aa4915ff,float64,1137
1013,ae,0.8440089504438413,shared_nominal_validation_q0.99,7,d9b151331fb677c39dc6db924627cdf5621d782b064ac99e21e6690151b5afb5,float64,1137
1014,lr,0.3771425075808136,shared_nominal_validation_q0.99,7,e0836b6fab06130f103cebabce6543764c5e400d2a7c1b4f5a1dbc919c82a13e,float64,1137
1014,dtree,0.09754286901960955,shared_nominal_validation_q0.99,7,15986914d9bdf149ccfa46447add1be99c9b4467332fcb925b17a774fd09e9e2,float64,1137
1014,iforest,0.5921708140821996,shared_nominal_validation_q0.99,7,361381f286cb85d156cb8573d95eede5354020ef873725696e20b304704f5199,float64,1137
1014,hgb,0.30050538898183055,shared_nominal_validation_q0.99,7,437542f89af81301f9f3eb6f73c04af0bab16b38e355fb53efe8d5e2b9ef129b,float64,1137
1014,pca,0.8161621351704738,shared_nominal_validation_q0.99,7,4999c39f2744decb8bad3bfa333a03d90bdb5c0aeff0651181df36c1ce8f2bad,float64,1137
1014,ae,0.8856162773411939,shared_nominal_validation_q0.99,7,2221ce71e2757fb397c37a6e4b00750909a5ba3382196971439d0a9a303dbcf0,float64,1137
1015,lr,0.6182984164586756,shared_nominal_validation_q0.99,7,2494d449937013ac9ee5c6a6ed561ec51b2f9dfdec1d6211c8a814c81644087a,float64,1137
1015,dtree,0.09450459685590462,shared_nominal_validation_q0.99,7,e0532a23273cb6b915724afb36e6efcb25c28341d68e380b2bb37be3451199de,float64,1137
1015,iforest,0.5901417416946063,shared_nominal_validation_q0.99,7,6262e44f1b6d605db9d75b0f7335d1482e68781a7f2683ed6eda65c504d91caa,float64,1137
1015,hgb,0.35560377279607797,shared_nominal_validation_q0.99,7,85e2982ab71abb9232c14d9c33d1c88b0fd17f75ea0bc9ba38e3b13713308ccd,float64,1137
1015,pca,1.0500331387643027,shared_nominal_validation_q0.99,7,1b286c2f51e77764821a2d156ea34e16b4b941ac52d0e757bc096971e1d34ef1,float64,1137
1015,ae,1.1662411543143598,shared_nominal_validation_q0.99,7,891c47ebd44e6b4ebcd075adf717c8faed16a8b36d459014bca7235a0f7c9216,float64,1137
1016,lr,0.5378958472953959,shared_nominal_validation_q0.99,7,f087b708d6202474906c4ef0a1f2f8c4fb96080dc564d06f543a93184f201d67,float64,1137
1016,dtree,0.09433401861241014,shared_nominal_validation_q0.99,7,1fb1661a224060c43475ee2dfc8f7f96cd12ac943e80a6344757b14856474187,float64,1137
1016,iforest,0.5833108288872315,shared_nominal_validation_q0.99,7,ed9397dd8c0fa03fa47e07180c9566df9956e54cc0a71408b1ff8c077e0e26a6,float64,1137
1016,hgb,0.24965146073922723,shared_nominal_validation_q0.99,7,9329f6c0a5078d097aee157bbd236b9f3106124e59ab600aa3324e87f0db2509,float64,1137
1016,pca,0.6644787093488735,shared_nominal_validation_q0.99,7,d97381bb437ab21adc31ca49927152254c7f1f33a9a8ac9f1c1abd0b5245eb56,float64,1137
1016,ae,0.8322320120176105,shared_nominal_validation_q0.99,7,adcff749c79938d7ce58cea65c1bc7bcb36665e5c93098161776ee84c07c90f5,float64,1137
1017,lr,0.4361026334702732,shared_nominal_validation_q0.99,7,36e2cd4eb50e00e0b80911aad65bd11fb12f8e84cde0a82c937702967a8105bc,float64,1137
1017,dtree,0.09813017349956321,shared_nominal_validation_q0.99,7,a9ab5d83f80be02bb45665f97bcbfd3b2bfb87bf3412cc728b4f19ee4238fa10,float64,1137
1017,iforest,0.5840900876288788,shared_nominal_validation_q0.99,7,3101ab0ad759b728fede4eb63f4debc9a2d694cc3e3b715682b548e958e10e72,float64,1137
1017,hgb,0.2051240676835731,shared_nominal_validation_q0.99,7,c203c17074d22d64b6786281321d751f785ce67e8ca3d6712841d78440ef7daa,float64,1137
1017,pca,0.6972835254504742,shared_nominal_validation_q0.99,7,9bf3f4621bbf505b3f7551581b81c49cd0998f0d2b4981715d55f7988aab7d4b,float64,1137
1017,ae,0.777558007806883,shared_nominal_validation_q0.99,7,b3af2139a27ac33d1dafab0e8b846b0d7e707aa35801bebfe7720072c9ec39a7,float64,1137
1018,lr,0.3318371204208931,shared_nominal_validation_q0.99,7,49fc6360a84f7e5b6d269f5595ca62dbf331ee0d6d54cb2357251713ca2eac86,float64,1137
1018,dtree,0.3280714434088492,shared_nominal_validation_q0.99,7,273832269c196051ac5e8ccb7a872c4ca6ea6aad961c6eafe57a075b9db46bb9,float64,1137
1018,iforest,0.5832163007515638,shared_nominal_validation_q0.99,7,826c834f8d0aa67a1c63cfdf5311139fd510d4de1c09f539975aef31be32d885,float64,1137
1018,hgb,0.3292051398619152,shared_nominal_validation_q0.99,7,c08d8f6657e4b2f833cc9f80f6d682923237fcde5546831ae3696ad271202737,float64,1137
1018,pca,0.9842039586743307,shared_nominal_validation_q0.99,7,a812092410a5ad5b63a91709716a57074160763db9a9bd5411aa7142e57def5a,float64,1137
1018,ae,1.1356993998853535,shared_nominal_validation_q0.99,7,2967eb941841cf2a08a1dd72f9d950ba0816abb8ee60c9460feb31863b00390d,float64,1137
1019,lr,0.5801400003305414,shared_nominal_validation_q0.99,7,961715b8183daf1f07866ace41c92517264f40258f2ed0faccf3dd9d7cbcbd27,float64,1137
1019,dtree,0.09428896425620974,shared_nominal_validation_q0.99,7,ea57867ef577d1b31fa1ef098151442cd89b1d831c90a321b0f3930c54095e44,float64,1137
1019,iforest,0.5931147331588363,shared_nominal_validation_q0.99,7,2cfde0bad4fcdcfca5d2846bd3188d97cfea118dee35ef20b2460e8da1eef9b2,float64,1137
1019,hgb,0.3808135689661792,shared_nominal_validation_q0.99,7,47ceeadc71ddd82ca4a632e476c428236ee499df352a9f4cca185a8bdb0dd191,float64,1137
1019,pca,0.7788106304399702,shared_nominal_validation_q0.99,7,6b05290de78daecd2230a9973f502c6937ff7f9e3c4fabac7861c01eb21e7167,float64,1137
1019,ae,1.088737887562732,shared_nominal_validation_q0.99,7,94ca27b4cabb34cf264fdcea1c6d12d5e9e45001483b3849c13fef153e317e60,float64,1137
1020,lr,0.4773846299712713,shared_nominal_validation_q0.99,7,dea9880640f15b5759e246a2b4929c81db7229ddb4398a3e082ce86c2590aee6,float64,1137
1020,dtree,0.10353197527891735,shared_nominal_validation_q0.99,7,f801e113fea8986008cbc8730562eeeaef25298e06440aacb9f8d3e2aa6817fc,float64,1137
1020,iforest,0.5968605513552531,shared_nominal_validation_q0.99,7,01615af7a290b9cacde58fc6aab5a7774de617019362e670c49eee63c0c17d90,float64,1137
1020,hgb,0.26563843224397443,shared_nominal_validation_q0.99,7,114c882a811fdd4e458a1b7584cd74f4fc5b94dff6a19ec7b09d7fef48796f06,float64,1137
1020,pca,0.841006290962771,shared_nominal_validation_q0.99,7,3b8bc66808f4ec57a13e8f4f48f42e2e8d1f588800dbce751cdee0070b37d0e0,float64,1137
1020,ae,0.9590097463007886,shared_nominal_validation_q0.99,7,880f00d57de3524bcdeaf457d0f626faf0910dd7ce81404abc3784b8948d68d8,float64,1137
1021,lr,0.2577997295273946,shared_nominal_validation_q0.99,7,284e67cf5e423a1d095dc81285234f10281a278db7ea6422c9c06acf37b32508,float64,1137
1021,dtree,0.10085363448199229,shared_nominal_validation_q0.99,7,5a448f1246d9efdd0bc9a8268cbb02ceaa30835bc83eb8e50bca71d250888149,float64,1137
1021,iforest,0.5799510071710382,shared_nominal_validation_q0.99,7,186cd34375bcca65a22f8d6b6cb0180a30eb49690fca80f5b63203eefec5bcea,float64,1137
1021,hgb,0.22163183765668945,shared_nominal_validation_q0.99,7,97f1b0fc83e16dbbc6c0d28cbb2bfb328dac3167dff60eebb0baa4c903b607bf,float64,1137
1021,pca,0.6177544034926394,shared_nominal_validation_q0.99,7,9dc3f8f635f97860f3c880d6f27deb7a7381589ea4e9ecfdca648961d00cb327,float64,1137
1021,ae,1.0807790529962844,shared_nominal_validation_q0.99,7,d562acfe882090fc56112939242b1d2c63e3a05f0419ac1f3a6d2a0bcd135b65,float64,1137
1022,lr,0.38685711012005286,shared_nominal_validation_q0.99,7,b0176d402046d991d8f924962b2ec2aab6cb814040919c02e886eff69d70800b,float64,1137
1022,dtree,0.08974218573411652,shared_nominal_validation_q0.99,7,3e2e08ba0a48167b908771b545e0e17007ea600de4ffc59de5e0518cf061083b,float64,1137
1022,iforest,0.6057215232297083,shared_nominal_validation_q0.99,7,f5df3b0947313edf9fb297d7b0413b07392a014271989a1314f030f19ae199b3,float64,1137
1022,hgb,0.2906827281724405,shared_nominal_validation_q0.99,7,3d28cf01cb04ab4c665fc152e7e723a3f177dae333771c78938d345e6742d2d7,float64,1137
1022,pca,0.8919143978409231,shared_nominal_validation_q0.99,7,6db200fad9397e2af5ea3a3e71b16ce36e0cdb689feeb70a5f8a39591bc531e4,float64,1137
1022,ae,1.5561899166564825,shared_nominal_validation_q0.99,7,5d629fc6816c2f72a3f025447fbdb15cfcf67a3c290860079851ea41cee1ab12,float64,1137
1023,lr,0.4137422869571891,shared_nominal_validation_q0.99,7,234c23d7b3dff25ed1313c717ce9379505b26c3aea3b662c9e19e49268124ceb,float64,1137
1023,dtree,0.09633658199946475,shared_nominal_validation_q0.99,7,dd11e25532d6c6c4f15443bc80b071f2656c478287a2d3de127ab40d2b8da9ac,float64,1137
1023,iforest,0.5806469943902046,shared_nominal_validation_q0.99,7,a985cd5c594f8a112707a15916d57d1188659d4c91d0da70fcc600f444ed7a06,float64,1137
1023,hgb,0.25262482107310724,shared_nominal_validation_q0.99,7,7a8d4ad8c6a4b33bf73f6c49215a1e9126b44af1e02756be4e3ef6c929fe082c,float64,1137
1023,pca,0.6727184043057749,shared_nominal_validation_q0.99,7,1aea17dc8641cb98e471cf11c8aefb1fe2b6f7fe1708ea616baf64fa30a9b541,float64,1137
1023,ae,0.8538211450749402,shared_nominal_validation_q0.99,7,8a2f81d1acd90a693696a04ea3b0b66523cf914fd255dfc4b0131b93f76d5616,float64,1137
1024,lr,0.6370179868995736,shared_nominal_validation_q0.99,7,75da780fa854cbef4c39cea2538e4eea20d62ce00a0318375dbd4cc6d2427a1f,float64,1137
1024,dtree,0.08160385384916807,shared_nominal_validation_q0.99,7,c35b2ab43493e671f243c964e759608cb05cfd1432d95abe0e33f3dcd0b9ad16,float64,1137
1024,iforest,0.5905433900396398,shared_nominal_validation_q0.99,7,4db411b425cfa1f0d5edd86421fd956ef53212c020d1d3f1e7a440b325bfb0de,float64,1137
1024,hgb,0.377344836132564,shared_nominal_validation_q0.99,7,6b81cf7b47d698f132368c3a39c40afb14e7aa0d2dc4bb18487e586fae599fad,float64,1137
1024,pca,0.628501042137207,shared_nominal_validation_q0.99,7,893288ee27c48499259e66dc390f0f6b1a6762b27c51a2e45de8f3b1097af3c9,float64,1137
1024,ae,0.8204284577832981,shared_nominal_validation_q0.99,7,50387ee5ae68b27cb7f49cfb660b85589f0679d0b00a4b536f45c81cbf06dd23,float64,1137
1025,lr,0.4330281853752208,shared_nominal_validation_q0.99,7,4d446604f5b7dde6760cfc2b044414d76a96a1a9c684bf902f6e8e334fdfff9d,float64,1137
1025,dtree,0.09634819283098062,shared_nominal_validation_q0.99,7,46c836f8b6a5cefca80fbae44dc93326e2f3cc6288e44bc9829cc75b5e9491f0,float64,1137
1025,iforest,0.5886723979567019,shared_nominal_validation_q0.99,7,4b2eec2da0b397b437ba58341e76deeb15ddad6417f3869a23162a77a13148af,float64,1137
1025,hgb,0.13488033989780362,shared_nominal_validation_q0.99,7,c8b1dad2425ce53f9629573e0f9446599f7bca1826db974ad79d3489fbd625f3,float64,1137
1025,pca,0.8155344996873081,shared_nominal_validation_q0.99,7,51ce7609e21de9cb17f61b942fef9701a0345cda443ccc055151a8ae8593ce35,float64,1137
1025,ae,1.224882799557448,shared_nominal_validation_q0.99,7,a8912719729797fccade658b52ee142dff40da34f8e50778563e6576b4873982,float64,1137
1026,lr,0.6396315042057431,shared_nominal_validation_q0.99,7,0da765b230b3990804640eebc41e353db5466f71807f788f539d4aa23c540bfb,float64,1137
1026,dtree,0.09720660711234445,shared_nominal_validation_q0.99,7,4cc508a04d3cf7304e9efab700d921cf6ee1b07dcb305dd8807440131429824b,float64,1137
1026,iforest,0.5947398374445038,shared_nominal_validation_q0.99,7,b1795e220343e2d5a6ffa9625fb40588896fed3831b90dce115cbdbe5f905b0f,float64,1137
1026,hgb,0.31673939710819604,shared_nominal_validation_q0.99,7,79a479b8530459cf11a4e43467bf2074ec29f0f37f19de76b595404d6c3ac92e,float64,1137
1026,pca,1.2364852910168356,shared_nominal_validation_q0.99,7,9d72b8bf02e09e14ad6211e0f689572cc0f610b2bed8a70e5f230ca4825496bf,float64,1137
1026,ae,1.0167527977031958,shared_nominal_validation_q0.99,7,8be42776343f671fe2a909f20d9b70dd4508e0fa7387b8ae9146ec138cd83035,float64,1137
1027,lr,0.49178235793017544,shared_nominal_validation_q0.99,7,ad19312c0896fffdec0459476b1b374e3924890f2f02b60bcc01f3ba8599adc0,float64,1137
1027,dtree,0.0948608555822205,shared_nominal_validation_q0.99,7,3371a270f0429bdb9ddba5ae30140807999d581f111a245add3d7b4bede573ef,float64,1137
1027,iforest,0.5940484670564675,shared_nominal_validation_q0.99,7,04397eafbfd9660d83f0d12cc747bf8c7de0126e281c677911366dac47239ce1,float64,1137
1027,hgb,0.33245233192887713,shared_nominal_validation_q0.99,7,447714b80cdbe6f7f2d2ef009a9b2b330061990b4873c798d764194b8751f3e1,float64,1137
1027,pca,1.3071672092141307,shared_nominal_validation_q0.99,7,4e8708a9f388af1061bd76b29c5240bf89318cb6992a02e92d15935a1be9b2f6,float64,1137
1027,ae,1.4685979561098572,shared_nominal_validation_q0.99,7,d15e1610c12ed37a834b286b06ccc1993ee92025d6e440e83741c7198f6a6229,float64,1137
1028,lr,0.501230037212244,shared_nominal_validation_q0.99,7,867c0d3670bfa5c1ffae4bdabb481e4413ae6be05aaaf83b466e8abc94d088a9,float64,1137
1028,dtree,0.09970805031181947,shared_nominal_validation_q0.99,7,df5c25e35ce78076cf564f1f9a2031de18f58eb417e839085b12b5ea1872a0a2,float64,1137
1028,iforest,0.5887178515329307,shared_nominal_validation_q0.99,7,7d8685d73fc6c3a6af92354514f719b6288e39f5c5ec150af4fb9cd6d743f0ea,float64,1137
1028,hgb,0.321690694594776,shared_nominal_validation_q0.99,7,7ba4507ee1abd37980e60ac570dcd1355185fba3326eac383a70f23143eadfd1,float64,1137
1028,pca,0.7432069787135909,shared_nominal_validation_q0.99,7,12d18b74324f873a7acae21fc5e72cf8ff0b6701264078a5e01e0bf8fd255e26,float64,1137
1028,ae,0.996995336539576,shared_nominal_validation_q0.99,7,9bd993250e67a4230124e871992611c3c61c0905b8d6ac37a05402ca408694cc,float64,1137
1029,lr,0.31253456717007466,shared_nominal_validation_q0.99,7,1893f44a5fc54cf1ce902dac1484fec6cd6de4860be0664d47167a9e04acb60b,float64,1137
1029,dtree,0.1106431040946092,shared_nominal_validation_q0.99,7,fdd6aaa7b9ef7712c9bb95055cd395ff2fc8d1aede9fc485ea258f262c242415,float64,1137
1029,iforest,0.5647915730446587,shared_nominal_validation_q0.99,7,ababf8ac34b1ff446f2f36edf575f2952248dc18868d06980aaba5f45b6cc8cf,float64,1137
1029,hgb,0.16492812240215807,shared_nominal_validation_q0.99,7,a59ce12b053aef144498694b2c530070393f7eb5a7a8a48dd6abb39c35d552a8,float64,1137
1029,pca,0.7176067848281297,shared_nominal_validation_q0.99,7,a33ea1e2157378640b2920065bf4c34f9d508439514b87c8488d1c8f1a010630,float64,1137
1029,ae,1.2743419921884533,shared_nominal_validation_q0.99,7,cf3a9e2e4a14570569a064595c9e6fcdc1bcdf0f09011b3466bf49d1d6cfeee4,float64,1137
1030,lr,0.3906561398271378,shared_nominal_validation_q0.99,7,05bc88e3f5e43ba69eb652f82a38c77070f130826546f98d699b72928c40c0f2,float64,1137
1030,dtree,0.0817638299320897,shared_nominal_validation_q0.99,7,c6340467f24e3eef7d27a0810812915bd04acd1a3ce3c1d8ce2b3da1c4bd72bc,float64,1137
1030,iforest,0.6059100220637588,shared_nominal_validation_q0.99,7,e3842e9cec4f64a8affb2651962f53f820f807f514e4c7611da7c250db46d898,float64,1137
1030,hgb,0.22169880800860553,shared_nominal_validation_q0.99,7,5c75cc226af8c48dfb5c26c93ecd8fe74f58b4b360aa41e59b99177a8def44be,float64,1137
1030,pca,1.1574228864100735,shared_nominal_validation_q0.99,7,cf4f36367c777d15626ce37cfa3e79b356a057589683ae04d79067a2cb1a2488,float64,1137
1030,ae,1.1537964618675325,shared_nominal_validation_q0.99,7,77981a4c22dbe75c778280699c440ec7414416aeb537b8cc6ffd43fc763c5681,float64,1137
1031,lr,0.3108585067027877,shared_nominal_validation_q0.99,7,4d9ccb911f97866ee292559cc18ec1e43ff5e9fd7693f2e764c74510fe456e90,float64,1137
1031,dtree,0.08817100726591466,shared_nominal_validation_q0.99,7,242204b2fd7021876586a3d17e370f8d486c19dff7132a8f0dff44cbf46d62ea,float64,1137
1031,iforest,0.5874897782141348,shared_nominal_validation_q0.99,7,222f74144b6d1b9d632033c51c69f0b77fbb40e438fcc5f4f78c7b417c3643cb,float64,1137
1031,hgb,0.18246036586542655,shared_nominal_validation_q0.99,7,b9765d9d4d286a83fd08ad7248e990505618ddc7989b57d14ef7d834ebe3c0f1,float64,1137
1031,pca,1.532544666517027,shared_nominal_validation_q0.99,7,782922ace5969e7113da5473294e05d610ea61ce91654e9f762054c51587be58,float64,1137
1031,ae,1.209312218478909,shared_nominal_validation_q0.99,7,19b48f022994661d31f3d13422d85e2842a146845204c2ea91ac27b49132a723,float64,1137
1032,lr,0.8118417508199937,shared_nominal_validation_q0.99,7,3f422c436c108391496ec09e9c2a59c80e45b0d52c2baf54215b04a6117a4489,float64,1137
1032,dtree,0.3452380952380953,shared_nominal_validation_q0.99,7,2f130569c8a477199effcc42897c547fc93ebafd615e2dde57a9756f75d30347,float64,1137
1032,iforest,0.589401068300294,shared_nominal_validation_q0.99,7,3c636f3ae4c03dccdc916a21227b47b75c50465ed44552dbd4bdf70a292e1b38,float64,1137
1032,hgb,0.2521351540383453,shared_nominal_validation_q0.99,7,314c46d227582569b3f265e4310ba153c2793b5260886c636f79caec62d048b9,float64,1137
1032,pca,0.8563694241546939,shared_nominal_validation_q0.99,7,402b04e27b838eb8ecbe871010e53e5e58713921c6a12cfbf1f5a96700baf582,float64,1137
1032,ae,1.189077304448264,shared_nominal_validation_q0.99,7,6110e16862ff67b9591c3686081e981c4a80aa2717d5fdb6d6ef3559ec5e7a0d,float64,1137
1033,lr,0.33641904282745483,shared_nominal_validation_q0.99,7,71f219f0be688e42a2fcb0fe6c110ffad289de7d9cef933972c9c3268bc210d8,float64,1137
1033,dtree,0.09572569188869799,shared_nominal_validation_q0.99,7,216733d7f56fd7b73c3f0ca57edef59ef2b078e6cfdb2332ea215f728bf5de16,float64,1137
1033,iforest,0.60089148694511,shared_nominal_validation_q0.99,7,61d8ece8bb3beff1f513dabab955aea9c2f8a2497eea7e71478cf2554cddd87f,float64,1137
1033,hgb,0.14781121960651228,shared_nominal_validation_q0.99,7,792c28e0b5c028a4f18eb22a9d23a69c14c26bf0724c6e2e5f1399dfc81406b6,float64,1137
1033,pca,1.566473376983796,shared_nominal_validation_q0.99,7,d587d212a3c94f3f680c14b2e2fa9d3862db9bf17a545fae89f871dc1fea7d54,float64,1137
1033,ae,1.5063018817315175,shared_nominal_validation_q0.99,7,770b1441f89798b43da6e9759138d4b17fab746012a07dc56f796ae1d348c327,float64,1137
1034,lr,0.3284881159855226,shared_nominal_validation_q0.99,7,5029aeb8dbf13e550d109edf5c8c5c3349ab241b72bc560807247d2e8b0c96f7,float64,1137
1034,dtree,0.0932418960476999,shared_nominal_validation_q0.99,7,0d9f5b08f3c90bf8a3d620f9502b129e5f4be398b8493bbe6d9b0a59b5a5ec39,float64,1137
1034,iforest,0.5740397866478907,shared_nominal_validation_q0.99,7,275e04c869141836f28b6963f9a72cb27d2971ad507c9f1da1d2a944d6811f1d,float64,1137
1034,hgb,0.20981561246311145,shared_nominal_validation_q0.99,7,ccd8a187cc5b0fd854eb273063bb518e2cf9d36bf1e7584038f2c4d83d6976d5,float64,1137
1034,pca,0.5935602098475224,shared_nominal_validation_q0.99,7,b1e6645262dec3ad6399197ef93283627b39147aec44a56cb9a224a61b826989,float64,1137
1034,ae,0.7380054324049083,shared_nominal_validation_q0.99,7,3475acd061bd9b293a17a9b2bda5c159ea02c9546acb3e804eaff139f3575f2c,float64,1137
1035,lr,0.4301111866189876,shared_nominal_validation_q0.99,7,a2ad1ecb4d7d22abd80430c6744ca90bcec0a638f6e349195a8704c466b5e19d,float64,1137
1035,dtree,0.0839177676237454,shared_nominal_validation_q0.99,7,b4ef94c8e75a8c86f2d044e00a6fc18540275c86d0f61da36c32297d5edad5f1,float64,1137
1035,iforest,0.5927272420460653,shared_nominal_validation_q0.99,7,e24bd9f3205c688aecc6846da54e5b26724e5d1568446bd038cb235594f58028,float64,1137
1035,hgb,0.3033400718787308,shared_nominal_validation_q0.99,7,c969785c495eb7ac014986a60b62f82ae9de1f567b66e03efb4c9e4efb9b7024,float64,1137
1035,pca,0.8235871189689378,shared_nominal_validation_q0.99,7,6377fac4a86f0f9fe627f4a55a03a4da91fd14ace1ec26b84ab183fdc7206e98,float64,1137
1035,ae,1.1255638914389754,shared_nominal_validation_q0.99,7,32494b06d183065ca9bb04114c96f81aeb94e2c82d48b8aabc3e2cbe27d1d274,float64,1137
1036,lr,0.46840627341018887,shared_nominal_validation_q0.99,7,c3e3bfec76c7e29e0ac010fff7332419f74fe545c713ec6bfb4def9640ab93fd,float64,1137
1036,dtree,0.07203054874389163,shared_nominal_validation_q0.99,7,70bd04da8667876ddceb8f68e3032d130a0b00169a46ff21ef2b4fa903e440e9,float64,1137
1036,iforest,0.5942346537376477,shared_nominal_validation_q0.99,7,a0c2d5f7d4062f164fecb3b787132d435013aa2667c9d2fdc750ab8d14689cf7,float64,1137
1036,hgb,0.3415209951248697,shared_nominal_validation_q0.99,7,4eaa216ec1e069cd1baccadac7adc29c16059915d3211a98eddda378a5599976,float64,1137
1036,pca,0.7382762893255348,shared_nominal_validation_q0.99,7,56fa7cb554ca15566cddceb03147fdb0e546a7a29889fd415c84495d486e5c58,float64,1137
1036,ae,0.8446790549367595,shared_nominal_validation_q0.99,7,c814814d7e2353c26410779f7ad5ff849929985b554a09e810509ce759533209,float64,1137
1037,lr,0.7731889398584866,shared_nominal_validation_q0.99,7,f2228a3cb2b27bda45bd932dadae5b931a5fb4071e1799b2ea4029448e471640,float64,1137
1037,dtree,0.22521505688324694,shared_nominal_validation_q0.99,7,5430d08875c6c60130a8ca2b5282130c09a46fd7229542a4ec54c8e6ff8776ba,float64,1137
1037,iforest,0.5871804844922479,shared_nominal_validation_q0.99,7,0706e91595c3b72acaab7ce333ee2f5ab948cf95bc2bcd51c9af4e210919d844,float64,1137
1037,hgb,0.6987775324473505,shared_nominal_validation_q0.99,7,4e9915e83ff926f885bbb9fff75fe41675aa722caa7091b39d12305f799a0839,float64,1137
1037,pca,1.1695016076315126,shared_nominal_validation_q0.99,7,2e49406640f21f069d3060a7d1d7c1866b9e726184ec73d5d7880a254e3cc834,float64,1137
1037,ae,1.2441782213440233,shared_nominal_validation_q0.99,7,f570f94b9e6f00c71f3b269424d82bc55595c656a5a6402eb4d010ab80955b20,float64,1137
1038,lr,0.3151067522367492,shared_nominal_validation_q0.99,7,aae038d585060c14d0f2bcb885b826bbb712c4b2b0b61bb864fab104ae838b08,float64,1137
1038,dtree,0.09254687543321376,shared_nominal_validation_q0.99,7,a311c105b1a11a60203a4e194c00932548a2ae7243bd8491e0faaba85f382454,float64,1137
1038,iforest,0.5772837793816681,shared_nominal_validation_q0.99,7,e26be4f4af6e0d690a92a8a7b7a1508cc464eca5c7350679c43e745320094287,float64,1137
1038,hgb,0.21128748059068347,shared_nominal_validation_q0.99,7,92d63b091f08b66daba37dbf040011ef68d85dc821eabb1b2f76dddce9dfafda,float64,1137
1038,pca,0.65256033637596,shared_nominal_validation_q0.99,7,30d6b27f2df461412598ce77f879a54d25e19f5afe51007026208137e4f8382f,float64,1137
1038,ae,0.657781190358698,shared_nominal_validation_q0.99,7,8e0291732c9598e5be198647a399f5cc468d1ddeb8c590b48667aaa353df1619,float64,1137
1039,lr,0.45234150818374513,shared_nominal_validation_q0.99,7,6851c349823395ac8a91659c03be4a5e6809078d09763a285d73e48253f0a126,float64,1137
1039,dtree,0.27684584871573564,shared_nominal_validation_q0.99,7,db36eced8666699ff5d5c1b578e6633dc38d4ab8c390b603ac6e70937bebc445,float64,1137
1039,iforest,0.5845587051264056,shared_nominal_validation_q0.99,7,5f202b8d382fda56648c60c5ba1854c59fe18a08459e0dd5f822e06f3270249a,float64,1137
1039,hgb,0.3508765378984103,shared_nominal_validation_q0.99,7,64af79bc8826b4340794b1c9cd7dfd2cc9949212db5e42e21ea3075a4c116ad1,float64,1137
1039,pca,0.6460244103670373,shared_nominal_validation_q0.99,7,25ea16b209ae06949ebf786fad36479989ad13047dad3ad675a591a0608ab835,float64,1137
1039,ae,0.799699462075365,shared_nominal_validation_q0.99,7,3b6c4521fb20de6d9bc23e899bde136e16deec1546e480da507b77dee77432bb,float64,1137
