seed,model,n_episodes,multi_event_episodes,reference_events
1000,lr,564,0,252
1000,dtree,246,0,252
1000,iforest,153,0,252
1000,hgb,747,0,252
1000,pca,443,0,252
1000,ae,389,0,252
1001,lr,409,0,252
1001,dtree,318,0,252
1001,iforest,324,0,252
1001,hgb,677,0,252
1001,pca,489,0,252
1001,ae,519,0,252
1002,lr,291,0,252
1002,dtree,278,0,252
1002,iforest,202,0,252
1002,hgb,270,0,252
1002,pca,444,0,252
1002,ae,391,0,252
1003,lr,547,0,252
1003,dtree,195,0,252
1003,iforest,254,0,252
1003,hgb,424,0,252
1003,pca,586,0,252
1003,ae,552,0,252
1004,lr,438,0,252
1004,dtree,193,0,252
1004,iforest,301,0,252
1004,hgb,743,0,252
1004,pca,569,0,252
1004,ae,553,0,252
1005,lr,669,0,252
1005,dtree,252,0,252
1005,iforest,255,0,252
1005,hgb,454,0,252
1005,pca,505,0,252
1005,ae,543,0,252
1006,lr,698,0,252
1006,dtree,204,0,252
1006,iforest,279,0,252
1006,hgb,505,0,252
1006,pca,578,0,252
1006,ae,584,0,252
1007,lr,459,0,252
1007,dtree,404,0,252
1007,iforest,260,0,252
1007,hgb,568,0,252
1007,pca,487,0,252
1007,ae,468,0,252
1008,lr,587,0,252
1008,dtree,187,0,252
1008,iforest,121,0,252
1008,hgb,478,0,252
1008,pca,544,0,252
1008,ae,511,0,252
1009,lr,400,0,252
1009,dtree,137,0,252
1009,iforest,395,0,252
1009,hgb,745,0,252
1009,pca,505,0,252
1009,ae,498,0,252
1010,lr,486,0,252
1010,dtree,236,0,252
1010,iforest,229,0,252
1010,hgb,531,0,252
1010,pca,446,0,252
1010,ae,424,0,252
1011,lr,437,0,252
1011,dtree,177,0,252
1011,iforest,238,0,252
1011,hgb,454,0,252
1011,pca,396,0,252
1011,ae,481,0,252
1012,lr,507,0,252
1012,dtree,326,0,252
1012,iforest,215,0,252
1012,hgb,568,0,252
1012,pca,414,0,252
1012,ae,440,0,252
1013,lr,523,0,252
1013,dtree,263,0,252
1013,iforest,306,0,252
1013,hgb,547,0,252
1013,pca,527,0,252
1013,ae,470,0,252
1014,lr,488,0,252
1014,dtree,163,0,252
1014,iforest,119,0,252
1014,hgb,549,0,252
1014,pca,472,0,252
1014,ae,519,0,252
1015,lr,332,0,252
1015,dtree,118,0,252
1015,iforest,248,0,252
1015,hgb,472,0,252
1015,pca,522,0,252
1015,ae,524,0,252
1016,lr,376,0,252
1016,dtree,242,0,252
1016,iforest,259,0,252
1016,hgb,596,0,252
1016,pca,547,0,252
1016,ae,515,0,252
1017,lr,478,0,252
1017,dtree,170,0,252
1017,iforest,213,0,252
1017,hgb,550,0,252
1017,pca,532,0,252
1017,ae,488,0,252
1018,lr,467,0,252
1018,dtree,267,0,252
1018,iforest,309,0,252
1018,hgb,432,0,252
1018,pca,448,0,252
1018,ae,496,0,252
1019,lr,403,0,252
1019,dtree,220,0,252
1019,iforest,213,0,252
1019,hgb,444,0,252
1019,pca,443,0,252
1019,ae,399,0,252
1020,lr,424,0,252
1020,dtree,204,0,252
1020,iforest,122,0,252
1020,hgb,584,0,252
1020,pca,402,0,252
1020,ae,425,0,252
1021,lr,837,0,252
1021,dtree,292,0,252
1021,iforest,438,0,252
1021,hgb,696,0,252
1021,pca,623,0,252
1021,ae,522,0,252
1022,lr,550,0,252
1022,dtree,270,0,252
1022,iforest,98,0,252
1022,hgb,537,0,252
1022,pca,457,0,252
1022,ae,415,0,252
1023,lr,514,0,252
1023,dtree,223,0,252
1023,iforest,280,0,252
1023,hgb,599,0,252
1023,pca,555,0,252
1023,ae,580,0,252
1024,lr,401,1,252
1024,dtree,159,0,252
1024,iforest,217,0,252
1024,hgb,412,0,252
1024,pca,571,0,252
1024,ae,478,0,252
1025,lr,464,0,252
1025,dtree,155,0,252
1025,iforest,185,0,252
1025,hgb,858,0,252
1025,pca,403,0,252
1025,ae,473,0,252
1026,lr,355,0,252
1026,dtree,207,0,252
1026,iforest,261,0,252
1026,hgb,570,0,252
1026,pca,435,0,252
1026,ae,480,0,252
1027,lr,399,0,252
1027,dtree,207,0,252
1027,iforest,150,0,252
1027,hgb,455,0,252
1027,pca,432,0,252
1027,ae,474,0,252
1028,lr,370,0,252
1028,dtree,132,0,252
1028,iforest,221,0,252
1028,hgb,425,0,252
1028,pca,485,0,252
1028,ae,477,0,252
1029,lr,1172,0,252
1029,dtree,269,0,252
1029,iforest,558,0,252
1029,hgb,970,0,252
1029,pca,621,0,252
1029,ae,603,0,252
1030,lr,533,0,252
1030,dtree,252,0,252
1030,iforest,129,0,252
1030,hgb,629,0,252
1030,pca,468,0,252
1030,ae,479,0,252
1031,lr,571,0,252
1031,dtree,247,0,252
1031,iforest,335,0,252
1031,hgb,731,0,252
1031,pca,480,0,252
1031,ae,543,0,252
1032,lr,319,0,252
1032,dtree,369,0,252
1032,iforest,165,0,252
1032,hgb,566,0,252
1032,pca,467,0,252
1032,ae,473,0,252
1033,lr,671,0,252
1033,dtree,180,0,252
1033,iforest,163,0,252
1033,hgb,800,2,252
1033,pca,429,0,252
1033,ae,478,0,252
1034,lr,650,0,252
1034,dtree,270,0,252
1034,iforest,396,0,252
1034,hgb,692,0,252
1034,pca,511,0,252
1034,ae,504,0,252
1035,lr,583,0,252
1035,dtree,243,0,252
1035,iforest,165,0,252
1035,hgb,544,0,252
1035,pca,470,0,252
1035,ae,474,0,252
1036,lr,442,0,252
1036,dtree,198,0,252
1036,iforest,151,0,252
1036,hgb,468,0,252
1036,pca,473,0,252
1036,ae,491,0,252
1037,lr,259,0,252
1037,dtree,321,0,252
1037,iforest,271,0,252
1037,hgb,334,0,252
1037,pca,430,0,252
1037,ae,486,0,252
1038,lr,800,0,252
1038,dtree,326,0,252
1038,iforest,380,0,252
1038,hgb,626,0,252
1038,pca,667,0,252
1038,ae,684,0,252
1039,lr,485,0,252
1039,dtree,263,0,252
1039,iforest,205,0,252
1039,hgb,490,0,252
1039,pca,516,0,252
1039,ae,509,0,252
