population,contrast,models,mean,sample_sd,ci_level,ci_lower,ci_upper,n_seeds,df,expected_direction,verdict
sensitivity_all_six,C1,lr;dtree;iforest;hgb;pca;ae,0.043461626334199144,0.010110896011457909,0.95,0.04022800491419979,0.0466952477541985,40,39,1,DESCRIPTIVE_UNADJUSTED_EXPECTED_DIRECTION_SUPPORTED_WITHIN_PROTOCOL
sensitivity_all_six,C2,lr;dtree;iforest;hgb;pca;ae,-0.020895620415654976,0.010201585683259259,0.95,-0.02415824579979136,-0.017632995031518592,40,39,-1,DESCRIPTIVE_UNADJUSTED_EXPECTED_DIRECTION_SUPPORTED_WITHIN_PROTOCOL
sensitivity_all_six,C3,lr;dtree;iforest;hgb;pca;ae,0.0287131646350621,0.008726607138690688,0.95,0.025922260274497858,0.03150406899562634,40,39,1,DESCRIPTIVE_UNADJUSTED_EXPECTED_DIRECTION_SUPPORTED_WITHIN_PROTOCOL
sensitivity_all_six,C4,lr;dtree;iforest;hgb;pca;ae,-0.049051853996685754,0.02681794848749136,0.95,-0.0576286500166744,-0.04047505797669711,40,39,-1,DESCRIPTIVE_UNADJUSTED_EXPECTED_DIRECTION_SUPPORTED_WITHIN_PROTOCOL
descriptive_lr,C1,lr,0.042594030442485206,0.024102838574847553,0.95,0.03488556869882857,0.05030249218614184,40,39,1,DESCRIPTIVE_UNADJUSTED_EXPECTED_DIRECTION_SUPPORTED_WITHIN_PROTOCOL
descriptive_lr,C2,lr,-0.03157186684314263,0.025129117135129466,0.95,-0.039608548393595115,-0.023535185292690143,40,39,-1,DESCRIPTIVE_UNADJUSTED_EXPECTED_DIRECTION_SUPPORTED_WITHIN_PROTOCOL
descriptive_lr,C3,lr,0.0156508039167634,0.015076968376285879,0.95,0.010828955503431624,0.020472652330095174,40,39,1,DESCRIPTIVE_UNADJUSTED_EXPECTED_DIRECTION_SUPPORTED_WITHIN_PROTOCOL
descriptive_lr,C4,lr,-0.024767927833681903,0.04355495084272738,0.95,-0.03869747688971597,-0.010838378777647836,40,39,-1,DESCRIPTIVE_UNADJUSTED_EXPECTED_DIRECTION_SUPPORTED_WITHIN_PROTOCOL
descriptive_dtree,C1,dtree,0.05448046833921544,0.02047164047004723,0.95,0.0479333200893023,0.06102761658912857,40,39,1,DESCRIPTIVE_UNADJUSTED_EXPECTED_DIRECTION_SUPPORTED_WITHIN_PROTOCOL
descriptive_dtree,C2,dtree,-2.7253982403354153e-05,0.010537364681436167,0.95,-0.003397266699933368,0.00334275873512666,40,39,-1,DESCRIPTIVE_UNADJUSTED_DIRECTION_UNRESOLVED
descriptive_dtree,C3,dtree,0.00024839613133203277,0.015097975562717924,0.95,-0.004580170706157561,0.005076962968821626,40,39,1,DESCRIPTIVE_UNADJUSTED_DIRECTION_UNRESOLVED
descriptive_dtree,C4,dtree,0.044035507957211666,0.057328975498768156,0.95,0.025700812105394228,0.06237020380902911,40,39,-1,DESCRIPTIVE_UNADJUSTED_OPPOSITE_DIRECTION_SUPPORTED_WITHIN_PROTOCOL
descriptive_iforest,C1,iforest,0.021352803000537234,0.00902857657996166,0.95,0.01846532412744982,0.024240281873624647,40,39,1,DESCRIPTIVE_UNADJUSTED_EXPECTED_DIRECTION_SUPPORTED_WITHIN_PROTOCOL
descriptive_iforest,C2,iforest,0.003537748231796847,0.0037429227190614828,0.95,0.0023407034729501733,0.004734792990643521,40,39,-1,DESCRIPTIVE_UNADJUSTED_OPPOSITE_DIRECTION_SUPPORTED_WITHIN_PROTOCOL
descriptive_iforest,C3,iforest,0.008465045556900114,0.009398985793293978,0.95,0.005459104070307509,0.011470987043492718,40,39,1,DESCRIPTIVE_UNADJUSTED_EXPECTED_DIRECTION_SUPPORTED_WITHIN_PROTOCOL
descriptive_iforest,C4,iforest,-0.015336992144883951,0.015929478828604786,0.95,-0.020431486627987168,-0.010242497661780734,40,39,-1,DESCRIPTIVE_UNADJUSTED_EXPECTED_DIRECTION_SUPPORTED_WITHIN_PROTOCOL
descriptive_hgb,C1,hgb,0.04201209004190794,0.020117928850441422,0.95,0.035578064255954854,0.04844611582786102,40,39,1,DESCRIPTIVE_UNADJUSTED_EXPECTED_DIRECTION_SUPPORTED_WITHIN_PROTOCOL
descriptive_hgb,C2,hgb,-0.03847619756760079,0.021154671016353255,0.95,-0.04524178958377817,-0.03171060555142341,40,39,-1,DESCRIPTIVE_UNADJUSTED_EXPECTED_DIRECTION_SUPPORTED_WITHIN_PROTOCOL
descriptive_hgb,C3,hgb,0.024717637534515485,0.02199338785608085,0.95,0.017683810859888058,0.03175146420914291,40,39,1,DESCRIPTIVE_UNADJUSTED_EXPECTED_DIRECTION_SUPPORTED_WITHIN_PROTOCOL
descriptive_hgb,C4,hgb,-0.015781362573958412,0.05000059569667773,0.95,-0.03177232886164266,0.00020960371372583803,40,39,-1,DESCRIPTIVE_UNADJUSTED_DIRECTION_UNRESOLVED
descriptive_pca,C1,pca,0.05059763843893165,0.013987207482255912,0.95,0.046124312467688056,0.05507096441017524,40,39,1,DESCRIPTIVE_UNADJUSTED_EXPECTED_DIRECTION_SUPPORTED_WITHIN_PROTOCOL
descriptive_pca,C2,pca,-0.028155848594053567,0.013589322535869343,0.95,-0.03250192478606168,-0.023809772402045452,40,39,-1,DESCRIPTIVE_UNADJUSTED_EXPECTED_DIRECTION_SUPPORTED_WITHIN_PROTOCOL
descriptive_pca,C3,pca,0.06187325139246275,0.019909899135742138,0.95,0.05550575673695406,0.06824074604797144,40,39,1,DESCRIPTIVE_UNADJUSTED_EXPECTED_DIRECTION_SUPPORTED_WITHIN_PROTOCOL
descriptive_pca,C4,pca,-0.14184690337100472,0.03788017039586083,0.95,-0.15396156959311522,-0.12973223714889423,40,39,-1,DESCRIPTIVE_UNADJUSTED_EXPECTED_DIRECTION_SUPPORTED_WITHIN_PROTOCOL
descriptive_ae,C1,ae,0.04973272774211741,0.01551793472057546,0.95,0.044769851450071646,0.05469560403416317,40,39,1,DESCRIPTIVE_UNADJUSTED_EXPECTED_DIRECTION_SUPPORTED_WITHIN_PROTOCOL
descriptive_ae,C2,ae,-0.03068030373852636,0.015271255607580043,0.95,-0.035564288222888166,-0.02579631925416456,40,39,-1,DESCRIPTIVE_UNADJUSTED_EXPECTED_DIRECTION_SUPPORTED_WITHIN_PROTOCOL
descriptive_ae,C3,ae,0.06132385327839883,0.017673303421011158,0.95,0.055671656634346,0.06697604992245165,40,39,1,DESCRIPTIVE_UNADJUSTED_EXPECTED_DIRECTION_SUPPORTED_WITHIN_PROTOCOL
descriptive_ae,C4,ae,-0.1406134460137972,0.03846374307051391,0.95,-0.15291474783167944,-0.12831214419591494,40,39,-1,DESCRIPTIVE_UNADJUSTED_EXPECTED_DIRECTION_SUPPORTED_WITHIN_PROTOCOL
