model,scenario,gain_mean,t_ci_low,t_ci_high,native_gain_mean,native_t_ci_low,native_t_ci_high,one_sided_p,holm_p,cell_claim_eligible,n_seeds
lr,platform_survival,0.023624716698708532,-0.01555835159378708,0.06280778499120415,0.034671602290238815,0.007827338392454652,0.061515866188022975,0.10286250596679956,0.6171750358007974,True,10
lr,payload_first,-0.040903459445947914,-0.09545804006960854,0.013651121177712701,-0.023522197917156318,-0.06953513687798063,0.022490741043667994,0.9379491275058132,1.0,True,10
dtree,platform_survival,0.037805416453194976,0.01796255559830059,0.05764827730808936,0.03265546388016619,0.015911921807316404,0.04939900595301598,0.0009809123058639388,0.009809123058639388,False,10
dtree,payload_first,0.057978223601775236,0.021358156437713847,0.09459829076583662,0.05819612314860571,0.022400677454252588,0.09399156884295884,0.002958293499771004,0.026624641497939035,False,10
iforest,platform_survival,0.014226306796987664,-0.003930787389937598,0.03238340098391293,0.00846863919320107,-0.007523212287011527,0.024460490673413667,0.05504203640475502,0.3852942548332851,True,10
iforest,payload_first,-0.0008369081300201003,-0.018985747505193593,0.017311931245153393,-0.0004906764402007668,-0.014079410036885516,0.013098057156483982,0.5403969289449166,1.0,True,10
hgb,platform_survival,0.03238715548388435,0.009009310012770569,0.05576500095499813,0.030334664459383903,0.0022137060317467885,0.05845562288702102,0.0060224745991458006,0.048179796793166405,True,10
hgb,payload_first,-0.03602570175499776,-0.06908680098186465,-0.002964602528130862,-0.022388215050278715,-0.053388289000579556,0.008611858900022123,0.9820685405503092,1.0,True,10
pca,platform_survival,0.047389209377543665,0.027110954926731077,0.06766746382835626,0.026723781832563343,0.0057650170755617625,0.047682546589564924,0.0002513643915618144,0.0027650083071799583,True,10
pca,payload_first,-0.14886717454404957,-0.2011627997897889,-0.09657154929831026,-0.15084129206736488,-0.2032367146760788,-0.09844586945865098,0.9999402035591268,1.0,True,10
ae,platform_survival,0.03968838184847591,0.025250126325842892,0.05412663737110893,0.03502562827649117,0.011675023692423746,0.0583762328605586,7.770884706834304e-05,0.0009325061648201164,True,10
ae,payload_first,-0.15690118056642458,-0.19944202770689606,-0.11436033342595309,-0.16043139113763863,-0.21768703021921665,-0.10317575205606061,0.9999921014011224,1.0,True,10
